{
  "gPO83eCt0vs": {
    "user_name": "Randy Kinne",
    "user_url": "https://unsplash.com/@randykinne?utm_source=unsample&utm_medium=referral&utm_campaign=api-credit",
    "photo_url": "https://unsplash.com/photos/gPO83eCt0vs?utm_source=unsample&utm_medium=referral&utm_campaign=api-credit"
  },
  "nbFj-irjNq4": {
    "user_name": "Morton Xiong",
    "user_url": "https://unsplash.com/@good_bear?utm_source=unsample&utm_medium=referral&utm_campaign=api-credit",
    "photo_url": "https://unsplash.com/photos/nbFj-irjNq4?utm_source=unsample&utm_medium=referral&utm_campaign=api-credit"
  },
  "Sz-gmabBoRU": {
    "user_name": "KAL VISUALS",
    "user_url": "https://unsplash.com/@kalvisuals?utm_source=unsample&utm_medium=referral&utm_campaign=api-credit",
    "photo_url": "https://unsplash.com/photos/Sz-gmabBoRU?utm_source=unsample&utm_medium=referral&utm_campaign=api-credit"
  },
  "lST7NUOAD_s": {
    "user_name": "Clay Banks",
    "user_url": "https://unsplash.com/@claybanks?utm_source=unsample&utm_medium=referral&utm_campaign=api-credit",
    "photo_url": "https://unsplash.com/photos/lST7NUOAD_s?utm_source=unsample&utm_medium=referral&utm_campaign=api-credit"
  },
  "kkuQI4cQOIg": {
    "user_name": "Dimitar Donovski",
    "user_url": "https://unsplash.com/@dmtrdon?utm_source=unsample&utm_medium=referral&utm_campaign=api-credit",
    "photo_url": "https://unsplash.com/photos/kkuQI4cQOIg?utm_source=unsample&utm_medium=referral&utm_campaign=api-credit"
  },
  "8xrz9NdvdJg": {
    "user_name": "Derek Story",
    "user_url": "https://unsplash.com/@derekstory?utm_source=unsample&utm_medium=referral&utm_campaign=api-credit",
    "photo_url": "https://unsplash.com/photos/8xrz9NdvdJg?utm_source=unsample&utm_medium=referral&utm_campaign=api-credit"
  },
  "iGcpU-4U4eU": {
    "user_name": "James Eades",
    "user_url": "https://unsplash.com/@eadesstudio?utm_source=unsample&utm_medium=referral&utm_campaign=api-credit",
    "photo_url": "https://unsplash.com/photos/iGcpU-4U4eU?utm_source=unsample&utm_medium=referral&utm_campaign=api-credit"
  },
  "F_eLtGyrlNY": {
    "user_name": "Anton Darius | @theSollers",
    "user_url": "https://unsplash.com/@thesollers?utm_source=unsample&utm_medium=referral&utm_campaign=api-credit",
    "photo_url": "https://unsplash.com/photos/F_eLtGyrlNY?utm_source=unsample&utm_medium=referral&utm_campaign=api-credit"
  },
  "xYzZnzGNTVg": {
    "user_name": "Karen Zeng",
    "user_url": "https://unsplash.com/@kivvii?utm_source=unsample&utm_medium=referral&utm_campaign=api-credit",
    "photo_url": "https://unsplash.com/photos/xYzZnzGNTVg?utm_source=unsample&utm_medium=referral&utm_campaign=api-credit"
  },
  "yUxfldhsh8w": {
    "user_name": "Daniel Atkins",
    "user_url": "https://unsplash.com/@danielatkins?utm_source=unsample&utm_medium=referral&utm_campaign=api-credit",
    "photo_url": "https://unsplash.com/photos/yUxfldhsh8w?utm_source=unsample&utm_medium=referral&utm_campaign=api-credit"
  },
  "-PswYeKBWTo": {
    "user_name": "Parker Whitson",
    "user_url": "https://unsplash.com/@parkerkwhitson?utm_source=unsample&utm_medium=referral&utm_campaign=api-credit",
    "photo_url": "https://unsplash.com/photos/-PswYeKBWTo?utm_source=unsample&utm_medium=referral&utm_campaign=api-credit"
  },
  "ZhdBQOkzHcE": {
    "user_name": "Андрей Гаврилюк",
    "user_url": "https://unsplash.com/@thewayofcolor?utm_source=unsample&utm_medium=referral&utm_campaign=api-credit",
    "photo_url": "https://unsplash.com/photos/ZhdBQOkzHcE?utm_source=unsample&utm_medium=referral&utm_campaign=api-credit"
  },
  "9eB7tKjI0i0": {
    "user_name": "NOAA",
    "user_url": "https://unsplash.com/@noaa?utm_source=unsample&utm_medium=referral&utm_campaign=api-credit",
    "photo_url": "https://unsplash.com/photos/9eB7tKjI0i0?utm_source=unsample&utm_medium=referral&utm_campaign=api-credit"
  },
  "a-DETTxYhCw": {
    "user_name": "Annie Spratt",
    "user_url": "https://unsplash.com/@anniespratt?utm_source=unsample&utm_medium=referral&utm_campaign=api-credit",
    "photo_url": "https://unsplash.com/photos/a-DETTxYhCw?utm_source=unsample&utm_medium=referral&utm_campaign=api-credit"
  },
  "Ti1_yA6gDsY": {
    "user_name": "Amel Majanovic",
    "user_url": "https://unsplash.com/@just_amelo?utm_source=unsample&utm_medium=referral&utm_campaign=api-credit",
    "photo_url": "https://unsplash.com/photos/Ti1_yA6gDsY?utm_source=unsample&utm_medium=referral&utm_campaign=api-credit"
  },
  "cjLd-YELrYQ": {
    "user_name": "Oleg Ivanov",
    "user_url": "https://unsplash.com/@olegixanovpht?utm_source=unsample&utm_medium=referral&utm_campaign=api-credit",
    "photo_url": "https://unsplash.com/photos/cjLd-YELrYQ?utm_source=unsample&utm_medium=referral&utm_campaign=api-credit"
  },
  "Bq5GubQFIXY": {
    "user_name": "Keren Perez",
    "user_url": "https://unsplash.com/@kerendanielapt?utm_source=unsample&utm_medium=referral&utm_campaign=api-credit",
    "photo_url": "https://unsplash.com/photos/Bq5GubQFIXY?utm_source=unsample&utm_medium=referral&utm_campaign=api-credit"
  },
  "F7_L-91SWUs": {
    "user_name": "Mat Reding",
    "user_url": "https://unsplash.com/@matreding?utm_source=unsample&utm_medium=referral&utm_campaign=api-credit",
    "photo_url": "https://unsplash.com/photos/F7_L-91SWUs?utm_source=unsample&utm_medium=referral&utm_campaign=api-credit"
  },
  "_jltuHZ2jgM": {
    "user_name": "Dani Marroquin",
    "user_url": "https://unsplash.com/@daniimarr?utm_source=unsample&utm_medium=referral&utm_campaign=api-credit",
    "photo_url": "https://unsplash.com/photos/_jltuHZ2jgM?utm_source=unsample&utm_medium=referral&utm_campaign=api-credit"
  },
  "icAWt0hrs-4": {
    "user_name": "Toa Heftiba",
    "user_url": "https://unsplash.com/@heftiba?utm_source=unsample&utm_medium=referral&utm_campaign=api-credit",
    "photo_url": "https://unsplash.com/photos/icAWt0hrs-4?utm_source=unsample&utm_medium=referral&utm_campaign=api-credit"
  },
  "KPsd6eaE2_Y": {
    "user_name": "Sonny Ravesteijn",
    "user_url": "https://unsplash.com/@supersonnytje?utm_source=unsample&utm_medium=referral&utm_campaign=api-credit",
    "photo_url": "https://unsplash.com/photos/KPsd6eaE2_Y?utm_source=unsample&utm_medium=referral&utm_campaign=api-credit"
  },
  "79l_KTjFEUA": {
    "user_name": "Facundo Ruiz",
    "user_url": "https://unsplash.com/@facunruiz?utm_source=unsample&utm_medium=referral&utm_campaign=api-credit",
    "photo_url": "https://unsplash.com/photos/79l_KTjFEUA?utm_source=unsample&utm_medium=referral&utm_campaign=api-credit"
  },
  "IdBmGPXARNQ": {
    "user_name": "Mauri Karlin",
    "user_url": "https://unsplash.com/@rovaniemi?utm_source=unsample&utm_medium=referral&utm_campaign=api-credit",
    "photo_url": "https://unsplash.com/photos/IdBmGPXARNQ?utm_source=unsample&utm_medium=referral&utm_campaign=api-credit"
  },
  "J53e8Ij53Mg": {
    "user_name": "Matthew Ronder-Seid",
    "user_url": "https://unsplash.com/@matthewronderseid?utm_source=unsample&utm_medium=referral&utm_campaign=api-credit",
    "photo_url": "https://unsplash.com/photos/J53e8Ij53Mg?utm_source=unsample&utm_medium=referral&utm_campaign=api-credit"
  },
  "WS6H8hhr5BQ": {
    "user_name": "Anna Auza",
    "user_url": "https://unsplash.com/@annaauza?utm_source=unsample&utm_medium=referral&utm_campaign=api-credit",
    "photo_url": "https://unsplash.com/photos/WS6H8hhr5BQ?utm_source=unsample&utm_medium=referral&utm_campaign=api-credit"
  },
  "i_gsL1HhKZQ": {
    "user_name": "fotografierende",
    "user_url": "https://unsplash.com/@fotografierende?utm_source=unsample&utm_medium=referral&utm_campaign=api-credit",
    "photo_url": "https://unsplash.com/photos/i_gsL1HhKZQ?utm_source=unsample&utm_medium=referral&utm_campaign=api-credit"
  },
  "dG9VVkNOu28": {
    "user_name": "Dillon Shook",
    "user_url": "https://unsplash.com/@dillonjshook?utm_source=unsample&utm_medium=referral&utm_campaign=api-credit",
    "photo_url": "https://unsplash.com/photos/dG9VVkNOu28?utm_source=unsample&utm_medium=referral&utm_campaign=api-credit"
  },
  "O5pJux38nNA": {
    "user_name": "Parker Coffman",
    "user_url": "https://unsplash.com/@fearthelocals?utm_source=unsample&utm_medium=referral&utm_campaign=api-credit",
    "photo_url": "https://unsplash.com/photos/O5pJux38nNA?utm_source=unsample&utm_medium=referral&utm_campaign=api-credit"
  },
  "OxHLsOOoFog": {
    "user_name": "Marcelo Cidrack",
    "user_url": "https://unsplash.com/@marcelocidrack?utm_source=unsample&utm_medium=referral&utm_campaign=api-credit",
    "photo_url": "https://unsplash.com/photos/OxHLsOOoFog?utm_source=unsample&utm_medium=referral&utm_campaign=api-credit"
  },
  "dYdQZG1nLwg": {
    "user_name": "Ashkan Forouzani 🇮🇷",
    "user_url": "https://unsplash.com/@ashkfor121?utm_source=unsample&utm_medium=referral&utm_campaign=api-credit",
    "photo_url": "https://unsplash.com/photos/dYdQZG1nLwg?utm_source=unsample&utm_medium=referral&utm_campaign=api-credit"
  }
}