{
  "A1T8pAfwBrs": {
    "user_name": "Mark de Jong",
    "user_url": "https://unsplash.com/@mrmarkdejong?utm_source=unsample&utm_medium=referral&utm_campaign=api-credit",
    "photo_url": "https://unsplash.com/photos/A1T8pAfwBrs?utm_source=unsample&utm_medium=referral&utm_campaign=api-credit"
  },
  "cCoPXaKAixA": {
    "user_name": "Brad Pearson",
    "user_url": "https://unsplash.com/@ultrabrad?utm_source=unsample&utm_medium=referral&utm_campaign=api-credit",
    "photo_url": "https://unsplash.com/photos/cCoPXaKAixA?utm_source=unsample&utm_medium=referral&utm_campaign=api-credit"
  },
  "Qex6B3UR6J0": {
    "user_name": "Clay Banks",
    "user_url": "https://unsplash.com/@claybanks?utm_source=unsample&utm_medium=referral&utm_campaign=api-credit",
    "photo_url": "https://unsplash.com/photos/Qex6B3UR6J0?utm_source=unsample&utm_medium=referral&utm_campaign=api-credit"
  },
  "AqoXaM9NSsw": {
    "user_name": "Charles Postiaux",
    "user_url": "https://unsplash.com/@charlpost?utm_source=unsample&utm_medium=referral&utm_campaign=api-credit",
    "photo_url": "https://unsplash.com/photos/AqoXaM9NSsw?utm_source=unsample&utm_medium=referral&utm_campaign=api-credit"
  },
  "XnXNWsXWG9Y": {
    "user_name": "Derick McKinney",
    "user_url": "https://unsplash.com/@derickray?utm_source=unsample&utm_medium=referral&utm_campaign=api-credit",
    "photo_url": "https://unsplash.com/photos/XnXNWsXWG9Y?utm_source=unsample&utm_medium=referral&utm_campaign=api-credit"
  },
  "oOVB9WIHJq8": {
    "user_name": "Jude Beck",
    "user_url": "https://unsplash.com/@judebeck?utm_source=unsample&utm_medium=referral&utm_campaign=api-credit",
    "photo_url": "https://unsplash.com/photos/oOVB9WIHJq8?utm_source=unsample&utm_medium=referral&utm_campaign=api-credit"
  },
  "9jUGf4D1400": {
    "user_name": "Leonor Oom",
    "user_url": "https://unsplash.com/@leonor_oom?utm_source=unsample&utm_medium=referral&utm_campaign=api-credit",
    "photo_url": "https://unsplash.com/photos/9jUGf4D1400?utm_source=unsample&utm_medium=referral&utm_campaign=api-credit"
  },
  "V9XdQA_Lz-8": {
    "user_name": "Benjamin Lizardo",
    "user_url": "https://unsplash.com/@benji3pr?utm_source=unsample&utm_medium=referral&utm_campaign=api-credit",
    "photo_url": "https://unsplash.com/photos/V9XdQA_Lz-8?utm_source=unsample&utm_medium=referral&utm_campaign=api-credit"
  },
  "XB-lg7AdSp0": {
    "user_name": "Pedro Dutra",
    "user_url": "https://unsplash.com/@pedro_ecd?utm_source=unsample&utm_medium=referral&utm_campaign=api-credit",
    "photo_url": "https://unsplash.com/photos/XB-lg7AdSp0?utm_source=unsample&utm_medium=referral&utm_campaign=api-credit"
  },
  "RIwKjm3TVMU": {
    "user_name": "Yann Allegre",
    "user_url": "https://unsplash.com/@yann_allegre?utm_source=unsample&utm_medium=referral&utm_campaign=api-credit",
    "photo_url": "https://unsplash.com/photos/RIwKjm3TVMU?utm_source=unsample&utm_medium=referral&utm_campaign=api-credit"
  },
  "GjRNju38JN8": {
    "user_name": "Taisiia Stupak",
    "user_url": "https://unsplash.com/@taiamint?utm_source=unsample&utm_medium=referral&utm_campaign=api-credit",
    "photo_url": "https://unsplash.com/photos/GjRNju38JN8?utm_source=unsample&utm_medium=referral&utm_campaign=api-credit"
  },
  "N1tM4Px0QvA": {
    "user_name": "Marcus Santos",
    "user_url": "https://unsplash.com/@marcusrfotografia?utm_source=unsample&utm_medium=referral&utm_campaign=api-credit",
    "photo_url": "https://unsplash.com/photos/N1tM4Px0QvA?utm_source=unsample&utm_medium=referral&utm_campaign=api-credit"
  },
  "FnviBLnjppk": {
    "user_name": "Allie Smith",
    "user_url": "https://unsplash.com/@creativegangsters?utm_source=unsample&utm_medium=referral&utm_campaign=api-credit",
    "photo_url": "https://unsplash.com/photos/FnviBLnjppk?utm_source=unsample&utm_medium=referral&utm_campaign=api-credit"
  },
  "uCerfbZ2GUk": {
    "user_name": "Sirio",
    "user_url": "https://unsplash.com/@sirioberati?utm_source=unsample&utm_medium=referral&utm_campaign=api-credit",
    "photo_url": "https://unsplash.com/photos/uCerfbZ2GUk?utm_source=unsample&utm_medium=referral&utm_campaign=api-credit"
  },
  "Pp3URK1vn84": {
    "user_name": "zhang kaiyv",
    "user_url": "https://unsplash.com/@zhangkaiyv?utm_source=unsample&utm_medium=referral&utm_campaign=api-credit",
    "photo_url": "https://unsplash.com/photos/Pp3URK1vn84?utm_source=unsample&utm_medium=referral&utm_campaign=api-credit"
  },
  "7QyHrwOVdOs": {
    "user_name": "Marcelo Cidrack",
    "user_url": "https://unsplash.com/@marcelocidrack?utm_source=unsample&utm_medium=referral&utm_campaign=api-credit",
    "photo_url": "https://unsplash.com/photos/7QyHrwOVdOs?utm_source=unsample&utm_medium=referral&utm_campaign=api-credit"
  },
  "fQ-CxAhjakE": {
    "user_name": "Allie Smith",
    "user_url": "https://unsplash.com/@creativegangsters?utm_source=unsample&utm_medium=referral&utm_campaign=api-credit",
    "photo_url": "https://unsplash.com/photos/fQ-CxAhjakE?utm_source=unsample&utm_medium=referral&utm_campaign=api-credit"
  },
  "ep_HLfAYxXQ": {
    "user_name": "trail",
    "user_url": "https://unsplash.com/@trails?utm_source=unsample&utm_medium=referral&utm_campaign=api-credit",
    "photo_url": "https://unsplash.com/photos/ep_HLfAYxXQ?utm_source=unsample&utm_medium=referral&utm_campaign=api-credit"
  },
  "avzVlrJnaS8": {
    "user_name": "Erik Mclean",
    "user_url": "https://unsplash.com/@introspectivedsgn?utm_source=unsample&utm_medium=referral&utm_campaign=api-credit",
    "photo_url": "https://unsplash.com/photos/avzVlrJnaS8?utm_source=unsample&utm_medium=referral&utm_campaign=api-credit"
  },
  "4_OL-oTEZmA": {
    "user_name": "James Eades",
    "user_url": "https://unsplash.com/@eadesstudio?utm_source=unsample&utm_medium=referral&utm_campaign=api-credit",
    "photo_url": "https://unsplash.com/photos/4_OL-oTEZmA?utm_source=unsample&utm_medium=referral&utm_campaign=api-credit"
  },
  "9UKBsBpLwQo": {
    "user_name": "Dan Meyers",
    "user_url": "https://unsplash.com/@dmey503?utm_source=unsample&utm_medium=referral&utm_campaign=api-credit",
    "photo_url": "https://unsplash.com/photos/9UKBsBpLwQo?utm_source=unsample&utm_medium=referral&utm_campaign=api-credit"
  },
  "VYTm8sfv7gk": {
    "user_name": "Andreea Popa",
    "user_url": "https://unsplash.com/@elfcodobelf?utm_source=unsample&utm_medium=referral&utm_campaign=api-credit",
    "photo_url": "https://unsplash.com/photos/VYTm8sfv7gk?utm_source=unsample&utm_medium=referral&utm_campaign=api-credit"
  },
  "qjZzZccbE1E": {
    "user_name": "Nate Johnston",
    "user_url": "https://unsplash.com/@natejohnston?utm_source=unsample&utm_medium=referral&utm_campaign=api-credit",
    "photo_url": "https://unsplash.com/photos/qjZzZccbE1E?utm_source=unsample&utm_medium=referral&utm_campaign=api-credit"
  },
  "ztW4RpFvIwY": {
    "user_name": "Patrick Langwallner",
    "user_url": "https://unsplash.com/@patresinger?utm_source=unsample&utm_medium=referral&utm_campaign=api-credit",
    "photo_url": "https://unsplash.com/photos/ztW4RpFvIwY?utm_source=unsample&utm_medium=referral&utm_campaign=api-credit"
  },
  "Ld9PaRDIMj0": {
    "user_name": "Phạm Tân",
    "user_url": "https://unsplash.com/@tan235?utm_source=unsample&utm_medium=referral&utm_campaign=api-credit",
    "photo_url": "https://unsplash.com/photos/Ld9PaRDIMj0?utm_source=unsample&utm_medium=referral&utm_campaign=api-credit"
  },
  "XxzVvuTp0x8": {
    "user_name": "Foto T",
    "user_url": "https://unsplash.com/@fotote?utm_source=unsample&utm_medium=referral&utm_campaign=api-credit",
    "photo_url": "https://unsplash.com/photos/XxzVvuTp0x8?utm_source=unsample&utm_medium=referral&utm_campaign=api-credit"
  },
  "1qS6wnebTsM": {
    "user_name": "AllGo - An App For Plus Size People",
    "user_url": "https://unsplash.com/@canweallgo?utm_source=unsample&utm_medium=referral&utm_campaign=api-credit",
    "photo_url": "https://unsplash.com/photos/1qS6wnebTsM?utm_source=unsample&utm_medium=referral&utm_campaign=api-credit"
  },
  "nbFj-irjNq4": {
    "user_name": "Morton Xiong",
    "user_url": "https://unsplash.com/@good_bear?utm_source=unsample&utm_medium=referral&utm_campaign=api-credit",
    "photo_url": "https://unsplash.com/photos/nbFj-irjNq4?utm_source=unsample&utm_medium=referral&utm_campaign=api-credit"
  },
  "qTcUTVeO-dk": {
    "user_name": "Patrick Robert Doyle",
    "user_url": "https://unsplash.com/@teapowered?utm_source=unsample&utm_medium=referral&utm_campaign=api-credit",
    "photo_url": "https://unsplash.com/photos/qTcUTVeO-dk?utm_source=unsample&utm_medium=referral&utm_campaign=api-credit"
  },
  "NADZuKJxNf4": {
    "user_name": "Patrick Hendry",
    "user_url": "https://unsplash.com/@worldsbetweenlines?utm_source=unsample&utm_medium=referral&utm_campaign=api-credit",
    "photo_url": "https://unsplash.com/photos/NADZuKJxNf4?utm_source=unsample&utm_medium=referral&utm_campaign=api-credit"
  }
}