{
  "FEGHUL4X_QQ": {
    "user_name": "KAL VISUALS",
    "user_url": "https://unsplash.com/@kalvisuals?utm_source=unsample&utm_medium=referral&utm_campaign=api-credit",
    "photo_url": "https://unsplash.com/photos/FEGHUL4X_QQ?utm_source=unsample&utm_medium=referral&utm_campaign=api-credit"
  },
  "-RlOymNd4h0": {
    "user_name": "George Munge",
    "user_url": "https://unsplash.com/@munge95?utm_source=unsample&utm_medium=referral&utm_campaign=api-credit",
    "photo_url": "https://unsplash.com/photos/-RlOymNd4h0?utm_source=unsample&utm_medium=referral&utm_campaign=api-credit"
  },
  "dbdVJU00SPo": {
    "user_name": "Vidar Nordli-Mathisen",
    "user_url": "https://unsplash.com/@vidarnm?utm_source=unsample&utm_medium=referral&utm_campaign=api-credit",
    "photo_url": "https://unsplash.com/photos/dbdVJU00SPo?utm_source=unsample&utm_medium=referral&utm_campaign=api-credit"
  },
  "mIOZ_pkasws": {
    "user_name": "Taylor Simpson",
    "user_url": "https://unsplash.com/@taylorgsimpson?utm_source=unsample&utm_medium=referral&utm_campaign=api-credit",
    "photo_url": "https://unsplash.com/photos/mIOZ_pkasws?utm_source=unsample&utm_medium=referral&utm_campaign=api-credit"
  },
  "8DO1Maa9Kxs": {
    "user_name": "Kyle  Ryan",
    "user_url": "https://unsplash.com/@kylry?utm_source=unsample&utm_medium=referral&utm_campaign=api-credit",
    "photo_url": "https://unsplash.com/photos/8DO1Maa9Kxs?utm_source=unsample&utm_medium=referral&utm_campaign=api-credit"
  },
  "s79i3mBakbU": {
    "user_name": "Roberto Nickson",
    "user_url": "https://unsplash.com/@rpnickson?utm_source=unsample&utm_medium=referral&utm_campaign=api-credit",
    "photo_url": "https://unsplash.com/photos/s79i3mBakbU?utm_source=unsample&utm_medium=referral&utm_campaign=api-credit"
  },
  "6tq4XLpNZhU": {
    "user_name": "Brandon Hoogenboom",
    "user_url": "https://unsplash.com/@bhoogenboom?utm_source=unsample&utm_medium=referral&utm_campaign=api-credit",
    "photo_url": "https://unsplash.com/photos/6tq4XLpNZhU?utm_source=unsample&utm_medium=referral&utm_campaign=api-credit"
  },
  "K4GqdInyBQI": {
    "user_name": "Henry & Co.",
    "user_url": "https://unsplash.com/@hngstrm?utm_source=unsample&utm_medium=referral&utm_campaign=api-credit",
    "photo_url": "https://unsplash.com/photos/K4GqdInyBQI?utm_source=unsample&utm_medium=referral&utm_campaign=api-credit"
  },
  "YgCRCZ6RgYE": {
    "user_name": "Taryn Kaahanui",
    "user_url": "https://unsplash.com/@itstarynnnn?utm_source=unsample&utm_medium=referral&utm_campaign=api-credit",
    "photo_url": "https://unsplash.com/photos/YgCRCZ6RgYE?utm_source=unsample&utm_medium=referral&utm_campaign=api-credit"
  },
  "TaJgQKpJ668": {
    "user_name": "Naitian Wang",
    "user_url": "https://unsplash.com/@tonywang7?utm_source=unsample&utm_medium=referral&utm_campaign=api-credit",
    "photo_url": "https://unsplash.com/photos/TaJgQKpJ668?utm_source=unsample&utm_medium=referral&utm_campaign=api-credit"
  },
  "YUg5CF1JyV8": {
    "user_name": "Perchek Industrie",
    "user_url": "https://unsplash.com/@perchekindustrie?utm_source=unsample&utm_medium=referral&utm_campaign=api-credit",
    "photo_url": "https://unsplash.com/photos/YUg5CF1JyV8?utm_source=unsample&utm_medium=referral&utm_campaign=api-credit"
  },
  "Mur1brzxdKM": {
    "user_name": "Gaelle Marcel",
    "user_url": "https://unsplash.com/@gaellemarcel?utm_source=unsample&utm_medium=referral&utm_campaign=api-credit",
    "photo_url": "https://unsplash.com/photos/Mur1brzxdKM?utm_source=unsample&utm_medium=referral&utm_campaign=api-credit"
  },
  "qJuBfopQh-4": {
    "user_name": "Eric Smart",
    "user_url": "https://unsplash.com/@erxmart?utm_source=unsample&utm_medium=referral&utm_campaign=api-credit",
    "photo_url": "https://unsplash.com/photos/qJuBfopQh-4?utm_source=unsample&utm_medium=referral&utm_campaign=api-credit"
  },
  "OR42Uu6FBmA": {
    "user_name": "Steven Erixon",
    "user_url": "https://unsplash.com/@stevenerixon?utm_source=unsample&utm_medium=referral&utm_campaign=api-credit",
    "photo_url": "https://unsplash.com/photos/OR42Uu6FBmA?utm_source=unsample&utm_medium=referral&utm_campaign=api-credit"
  },
  "TwG3vThQS9Y": {
    "user_name": "Cristofer Jeschke",
    "user_url": "https://unsplash.com/@cristofer?utm_source=unsample&utm_medium=referral&utm_campaign=api-credit",
    "photo_url": "https://unsplash.com/photos/TwG3vThQS9Y?utm_source=unsample&utm_medium=referral&utm_campaign=api-credit"
  },
  "RcMfDLUxTqM": {
    "user_name": "Jonathan Borba",
    "user_url": "https://unsplash.com/@jonathanborba?utm_source=unsample&utm_medium=referral&utm_campaign=api-credit",
    "photo_url": "https://unsplash.com/photos/RcMfDLUxTqM?utm_source=unsample&utm_medium=referral&utm_campaign=api-credit"
  },
  "k-9dakLjrrI": {
    "user_name": "Lerone Pieters",
    "user_url": "https://unsplash.com/@thevantagepoint718?utm_source=unsample&utm_medium=referral&utm_campaign=api-credit",
    "photo_url": "https://unsplash.com/photos/k-9dakLjrrI?utm_source=unsample&utm_medium=referral&utm_campaign=api-credit"
  },
  "q-AUVMtICg0": {
    "user_name": "Etienne Delorieux",
    "user_url": "https://unsplash.com/@etiennedelorieux?utm_source=unsample&utm_medium=referral&utm_campaign=api-credit",
    "photo_url": "https://unsplash.com/photos/q-AUVMtICg0?utm_source=unsample&utm_medium=referral&utm_campaign=api-credit"
  },
  "-Mr26txdH4c": {
    "user_name": "Nate Johnston",
    "user_url": "https://unsplash.com/@natejohnston?utm_source=unsample&utm_medium=referral&utm_campaign=api-credit",
    "photo_url": "https://unsplash.com/photos/-Mr26txdH4c?utm_source=unsample&utm_medium=referral&utm_campaign=api-credit"
  },
  "-bovisSUcgM": {
    "user_name": "Wesley Tingey",
    "user_url": "https://unsplash.com/@wesleyphotography?utm_source=unsample&utm_medium=referral&utm_campaign=api-credit",
    "photo_url": "https://unsplash.com/photos/-bovisSUcgM?utm_source=unsample&utm_medium=referral&utm_campaign=api-credit"
  },
  "7xCoNMkSMc0": {
    "user_name": "Tim Meyer",
    "user_url": "https://unsplash.com/@tim_from_swiss?utm_source=unsample&utm_medium=referral&utm_campaign=api-credit",
    "photo_url": "https://unsplash.com/photos/7xCoNMkSMc0?utm_source=unsample&utm_medium=referral&utm_campaign=api-credit"
  },
  "eqFOKASP2ww": {
    "user_name": "MEAX",
    "user_url": "https://unsplash.com/@meaxgang?utm_source=unsample&utm_medium=referral&utm_campaign=api-credit",
    "photo_url": "https://unsplash.com/photos/eqFOKASP2ww?utm_source=unsample&utm_medium=referral&utm_campaign=api-credit"
  },
  "joMWoOwMiI0": {
    "user_name": "Riley",
    "user_url": "https://unsplash.com/@rldgs?utm_source=unsample&utm_medium=referral&utm_campaign=api-credit",
    "photo_url": "https://unsplash.com/photos/joMWoOwMiI0?utm_source=unsample&utm_medium=referral&utm_campaign=api-credit"
  },
  "-QmHJrs5WdE": {
    "user_name": "Jordi Tambillo",
    "user_url": "https://unsplash.com/@jorditambillo?utm_source=unsample&utm_medium=referral&utm_campaign=api-credit",
    "photo_url": "https://unsplash.com/photos/-QmHJrs5WdE?utm_source=unsample&utm_medium=referral&utm_campaign=api-credit"
  },
  "uiXKKcd-gIo": {
    "user_name": "Daniel Schludi",
    "user_url": "https://unsplash.com/@schluditsch?utm_source=unsample&utm_medium=referral&utm_campaign=api-credit",
    "photo_url": "https://unsplash.com/photos/uiXKKcd-gIo?utm_source=unsample&utm_medium=referral&utm_campaign=api-credit"
  },
  "wL3-nvcELpc": {
    "user_name": "Trevor McKinnon",
    "user_url": "https://unsplash.com/@bigmck56?utm_source=unsample&utm_medium=referral&utm_campaign=api-credit",
    "photo_url": "https://unsplash.com/photos/wL3-nvcELpc?utm_source=unsample&utm_medium=referral&utm_campaign=api-credit"
  },
  "toWawwGlLFw": {
    "user_name": "Taurean Hill",
    "user_url": "https://unsplash.com/@taureanseiichi?utm_source=unsample&utm_medium=referral&utm_campaign=api-credit",
    "photo_url": "https://unsplash.com/photos/toWawwGlLFw?utm_source=unsample&utm_medium=referral&utm_campaign=api-credit"
  },
  "2TYnKYN8IgA": {
    "user_name": "Val Vesa",
    "user_url": "https://unsplash.com/@adspedia?utm_source=unsample&utm_medium=referral&utm_campaign=api-credit",
    "photo_url": "https://unsplash.com/photos/2TYnKYN8IgA?utm_source=unsample&utm_medium=referral&utm_campaign=api-credit"
  },
  "gOxeVA_QO8w": {
    "user_name": "Kenrick Mills",
    "user_url": "https://unsplash.com/@kenrickmills?utm_source=unsample&utm_medium=referral&utm_campaign=api-credit",
    "photo_url": "https://unsplash.com/photos/gOxeVA_QO8w?utm_source=unsample&utm_medium=referral&utm_campaign=api-credit"
  },
  "mngxWyG6exk": {
    "user_name": "Kassidy Sherburne",
    "user_url": "https://unsplash.com/@kassidys?utm_source=unsample&utm_medium=referral&utm_campaign=api-credit",
    "photo_url": "https://unsplash.com/photos/mngxWyG6exk?utm_source=unsample&utm_medium=referral&utm_campaign=api-credit"
  }
}