{
  "dxRBdUXKWVI": {
    "user_name": "AquaChara",
    "user_url": "https://unsplash.com/@aquachara?utm_source=unsample&utm_medium=referral&utm_campaign=api-credit",
    "photo_url": "https://unsplash.com/photos/dxRBdUXKWVI?utm_source=unsample&utm_medium=referral&utm_campaign=api-credit"
  },
  "xHa5HkVmtg0": {
    "user_name": "Stephen Walker",
    "user_url": "https://unsplash.com/@stphnwlkr?utm_source=unsample&utm_medium=referral&utm_campaign=api-credit",
    "photo_url": "https://unsplash.com/photos/xHa5HkVmtg0?utm_source=unsample&utm_medium=referral&utm_campaign=api-credit"
  },
  "Qel0vL0AK7g": {
    "user_name": "Eugene Chystiakov",
    "user_url": "https://unsplash.com/@eugenechystiakov?utm_source=unsample&utm_medium=referral&utm_campaign=api-credit",
    "photo_url": "https://unsplash.com/photos/Qel0vL0AK7g?utm_source=unsample&utm_medium=referral&utm_campaign=api-credit"
  },
  "tVs-nga-tpo": {
    "user_name": "Irene Kredenets",
    "user_url": "https://unsplash.com/@ikredenets?utm_source=unsample&utm_medium=referral&utm_campaign=api-credit",
    "photo_url": "https://unsplash.com/photos/tVs-nga-tpo?utm_source=unsample&utm_medium=referral&utm_campaign=api-credit"
  },
  "C8VvjTTvfrw": {
    "user_name": "Kirill Pershin",
    "user_url": "https://unsplash.com/@kirillpershin?utm_source=unsample&utm_medium=referral&utm_campaign=api-credit",
    "photo_url": "https://unsplash.com/photos/C8VvjTTvfrw?utm_source=unsample&utm_medium=referral&utm_campaign=api-credit"
  },
  "ACupmEJ26uI": {
    "user_name": "Oladimeji Odunsi",
    "user_url": "https://unsplash.com/@oladimeg?utm_source=unsample&utm_medium=referral&utm_campaign=api-credit",
    "photo_url": "https://unsplash.com/photos/ACupmEJ26uI?utm_source=unsample&utm_medium=referral&utm_campaign=api-credit"
  },
  "iXspFCVXoaw": {
    "user_name": "Perchek Industrie",
    "user_url": "https://unsplash.com/@perchekindustrie?utm_source=unsample&utm_medium=referral&utm_campaign=api-credit",
    "photo_url": "https://unsplash.com/photos/iXspFCVXoaw?utm_source=unsample&utm_medium=referral&utm_campaign=api-credit"
  },
  "qQg17BZw1zg": {
    "user_name": "Anthony Espinosa",
    "user_url": "https://unsplash.com/@thony_espi?utm_source=unsample&utm_medium=referral&utm_campaign=api-credit",
    "photo_url": "https://unsplash.com/photos/qQg17BZw1zg?utm_source=unsample&utm_medium=referral&utm_campaign=api-credit"
  },
  "X4YSBIsSl9s": {
    "user_name": "Joshua Hoehne",
    "user_url": "https://unsplash.com/@mrthetrain?utm_source=unsample&utm_medium=referral&utm_campaign=api-credit",
    "photo_url": "https://unsplash.com/photos/X4YSBIsSl9s?utm_source=unsample&utm_medium=referral&utm_campaign=api-credit"
  },
  "sgkXctbWtOk": {
    "user_name": "Mak",
    "user_url": "https://unsplash.com/@mak_jp?utm_source=unsample&utm_medium=referral&utm_campaign=api-credit",
    "photo_url": "https://unsplash.com/photos/sgkXctbWtOk?utm_source=unsample&utm_medium=referral&utm_campaign=api-credit"
  },
  "0ENOxdnb47M": {
    "user_name": "Sean",
    "user_url": "https://unsplash.com/@seantfr?utm_source=unsample&utm_medium=referral&utm_campaign=api-credit",
    "photo_url": "https://unsplash.com/photos/0ENOxdnb47M?utm_source=unsample&utm_medium=referral&utm_campaign=api-credit"
  },
  "wmg-cLqbhOg": {
    "user_name": "Javier Esteban",
    "user_url": "https://unsplash.com/@javiestebaan?utm_source=unsample&utm_medium=referral&utm_campaign=api-credit",
    "photo_url": "https://unsplash.com/photos/wmg-cLqbhOg?utm_source=unsample&utm_medium=referral&utm_campaign=api-credit"
  },
  "2a-KT_wdtu8": {
    "user_name": "Chandra Oh",
    "user_url": "https://unsplash.com/@ceveoh?utm_source=unsample&utm_medium=referral&utm_campaign=api-credit",
    "photo_url": "https://unsplash.com/photos/2a-KT_wdtu8?utm_source=unsample&utm_medium=referral&utm_campaign=api-credit"
  },
  "f_oBhty75H4": {
    "user_name": "Derick McKinney",
    "user_url": "https://unsplash.com/@derickray?utm_source=unsample&utm_medium=referral&utm_campaign=api-credit",
    "photo_url": "https://unsplash.com/photos/f_oBhty75H4?utm_source=unsample&utm_medium=referral&utm_campaign=api-credit"
  },
  "D7m8280ORrI": {
    "user_name": "Toa Heftiba",
    "user_url": "https://unsplash.com/@heftiba?utm_source=unsample&utm_medium=referral&utm_campaign=api-credit",
    "photo_url": "https://unsplash.com/photos/D7m8280ORrI?utm_source=unsample&utm_medium=referral&utm_campaign=api-credit"
  },
  "pRA1T3QKqP4": {
    "user_name": "qusv yang",
    "user_url": "https://unsplash.com/@g1396656?utm_source=unsample&utm_medium=referral&utm_campaign=api-credit",
    "photo_url": "https://unsplash.com/photos/pRA1T3QKqP4?utm_source=unsample&utm_medium=referral&utm_campaign=api-credit"
  },
  "eBSRkhvNUmI": {
    "user_name": "Gregory Hayes",
    "user_url": "https://unsplash.com/@gregoryallen?utm_source=unsample&utm_medium=referral&utm_campaign=api-credit",
    "photo_url": "https://unsplash.com/photos/eBSRkhvNUmI?utm_source=unsample&utm_medium=referral&utm_campaign=api-credit"
  },
  "j2p61H9Y4Fg": {
    "user_name": "Tania Mousinho",
    "user_url": "https://unsplash.com/@taniamousinho?utm_source=unsample&utm_medium=referral&utm_campaign=api-credit",
    "photo_url": "https://unsplash.com/photos/j2p61H9Y4Fg?utm_source=unsample&utm_medium=referral&utm_campaign=api-credit"
  },
  "dFZn9RkFggs": {
    "user_name": "Jean Carlo Emer",
    "user_url": "https://unsplash.com/@jeancarloemer?utm_source=unsample&utm_medium=referral&utm_campaign=api-credit",
    "photo_url": "https://unsplash.com/photos/dFZn9RkFggs?utm_source=unsample&utm_medium=referral&utm_campaign=api-credit"
  },
  "nsOcRmZ4jgo": {
    "user_name": "Kassidy Sherburne",
    "user_url": "https://unsplash.com/@kassidys?utm_source=unsample&utm_medium=referral&utm_campaign=api-credit",
    "photo_url": "https://unsplash.com/photos/nsOcRmZ4jgo?utm_source=unsample&utm_medium=referral&utm_campaign=api-credit"
  },
  "dbYra09K7lM": {
    "user_name": "Robby McCullough",
    "user_url": "https://unsplash.com/@mybbor?utm_source=unsample&utm_medium=referral&utm_campaign=api-credit",
    "photo_url": "https://unsplash.com/photos/dbYra09K7lM?utm_source=unsample&utm_medium=referral&utm_campaign=api-credit"
  },
  "6wE3UTo_vMc": {
    "user_name": "Dave Herring",
    "user_url": "https://unsplash.com/@daveherring?utm_source=unsample&utm_medium=referral&utm_campaign=api-credit",
    "photo_url": "https://unsplash.com/photos/6wE3UTo_vMc?utm_source=unsample&utm_medium=referral&utm_campaign=api-credit"
  },
  "fSY9q_fvhPo": {
    "user_name": "Sacha T'Sas",
    "user_url": "https://unsplash.com/@tsasacha?utm_source=unsample&utm_medium=referral&utm_campaign=api-credit",
    "photo_url": "https://unsplash.com/photos/fSY9q_fvhPo?utm_source=unsample&utm_medium=referral&utm_campaign=api-credit"
  },
  "3SG-GYS_qF4": {
    "user_name": "Jue Huang",
    "user_url": "https://unsplash.com/@klalive?utm_source=unsample&utm_medium=referral&utm_campaign=api-credit",
    "photo_url": "https://unsplash.com/photos/3SG-GYS_qF4?utm_source=unsample&utm_medium=referral&utm_campaign=api-credit"
  },
  "zv_PhN-yvXk": {
    "user_name": "Eric Prouzet",
    "user_url": "https://unsplash.com/@eprouzet?utm_source=unsample&utm_medium=referral&utm_campaign=api-credit",
    "photo_url": "https://unsplash.com/photos/zv_PhN-yvXk?utm_source=unsample&utm_medium=referral&utm_campaign=api-credit"
  },
  "dxZHS55WnlM": {
    "user_name": "Hanson Lu",
    "user_url": "https://unsplash.com/@hansonluu?utm_source=unsample&utm_medium=referral&utm_campaign=api-credit",
    "photo_url": "https://unsplash.com/photos/dxZHS55WnlM?utm_source=unsample&utm_medium=referral&utm_campaign=api-credit"
  },
  "Dn-NBprVOUU": {
    "user_name": "Jean Carlo Emer",
    "user_url": "https://unsplash.com/@jeancarloemer?utm_source=unsample&utm_medium=referral&utm_campaign=api-credit",
    "photo_url": "https://unsplash.com/photos/Dn-NBprVOUU?utm_source=unsample&utm_medium=referral&utm_campaign=api-credit"
  },
  "MNYsgu_XJBM": {
    "user_name": "Josh Kahen",
    "user_url": "https://unsplash.com/@jpphotosla?utm_source=unsample&utm_medium=referral&utm_campaign=api-credit",
    "photo_url": "https://unsplash.com/photos/MNYsgu_XJBM?utm_source=unsample&utm_medium=referral&utm_campaign=api-credit"
  },
  "isgJ3ctEBHk": {
    "user_name": "Matt Hoffman",
    "user_url": "https://unsplash.com/@__matthoffman__?utm_source=unsample&utm_medium=referral&utm_campaign=api-credit",
    "photo_url": "https://unsplash.com/photos/isgJ3ctEBHk?utm_source=unsample&utm_medium=referral&utm_campaign=api-credit"
  },
  "aR5N8wpTuhs": {
    "user_name": "Damon Hall",
    "user_url": "https://unsplash.com/@damodigital?utm_source=unsample&utm_medium=referral&utm_campaign=api-credit",
    "photo_url": "https://unsplash.com/photos/aR5N8wpTuhs?utm_source=unsample&utm_medium=referral&utm_campaign=api-credit"
  }
}