{
  "3YYiDD_4Xg4": {
    "user_name": "Nadine Shaabana",
    "user_url": "https://unsplash.com/@nadineshaabana?utm_source=unsample&utm_medium=referral&utm_campaign=api-credit",
    "photo_url": "https://unsplash.com/photos/3YYiDD_4Xg4?utm_source=unsample&utm_medium=referral&utm_campaign=api-credit"
  },
  "qpFlFGVqLjQ": {
    "user_name": "pixpoetry",
    "user_url": "https://unsplash.com/@blackpoetry?utm_source=unsample&utm_medium=referral&utm_campaign=api-credit",
    "photo_url": "https://unsplash.com/photos/qpFlFGVqLjQ?utm_source=unsample&utm_medium=referral&utm_campaign=api-credit"
  },
  "uOHhoVA3BK4": {
    "user_name": "Yann Allegre",
    "user_url": "https://unsplash.com/@yann_allegre?utm_source=unsample&utm_medium=referral&utm_campaign=api-credit",
    "photo_url": "https://unsplash.com/photos/uOHhoVA3BK4?utm_source=unsample&utm_medium=referral&utm_campaign=api-credit"
  },
  "Wnts0njP-n0": {
    "user_name": "Dimitar Donovski",
    "user_url": "https://unsplash.com/@dmtrdon?utm_source=unsample&utm_medium=referral&utm_campaign=api-credit",
    "photo_url": "https://unsplash.com/photos/Wnts0njP-n0?utm_source=unsample&utm_medium=referral&utm_campaign=api-credit"
  },
  "A1T8pAfwBrs": {
    "user_name": "Mark de Jong",
    "user_url": "https://unsplash.com/@mrmarkdejong?utm_source=unsample&utm_medium=referral&utm_campaign=api-credit",
    "photo_url": "https://unsplash.com/photos/A1T8pAfwBrs?utm_source=unsample&utm_medium=referral&utm_campaign=api-credit"
  },
  "Qyryr8O_3Wg": {
    "user_name": "Humphrey Muleba",
    "user_url": "https://unsplash.com/@good_citizen?utm_source=unsample&utm_medium=referral&utm_campaign=api-credit",
    "photo_url": "https://unsplash.com/photos/Qyryr8O_3Wg?utm_source=unsample&utm_medium=referral&utm_campaign=api-credit"
  },
  "TSvmVorAkZ8": {
    "user_name": "Ashkan Forouzani 🇮🇷",
    "user_url": "https://unsplash.com/@ashkfor121?utm_source=unsample&utm_medium=referral&utm_campaign=api-credit",
    "photo_url": "https://unsplash.com/photos/TSvmVorAkZ8?utm_source=unsample&utm_medium=referral&utm_campaign=api-credit"
  },
  "QL6-tL7in8Y": {
    "user_name": "Simone Hutsch",
    "user_url": "https://unsplash.com/@heysupersimi?utm_source=unsample&utm_medium=referral&utm_campaign=api-credit",
    "photo_url": "https://unsplash.com/photos/QL6-tL7in8Y?utm_source=unsample&utm_medium=referral&utm_campaign=api-credit"
  },
  "o4Zhsl6chTE": {
    "user_name": "Ellieelien",
    "user_url": "https://unsplash.com/@ellienelie?utm_source=unsample&utm_medium=referral&utm_campaign=api-credit",
    "photo_url": "https://unsplash.com/photos/o4Zhsl6chTE?utm_source=unsample&utm_medium=referral&utm_campaign=api-credit"
  },
  "WDqURPfH4so": {
    "user_name": "Mark de Jong",
    "user_url": "https://unsplash.com/@mrmarkdejong?utm_source=unsample&utm_medium=referral&utm_campaign=api-credit",
    "photo_url": "https://unsplash.com/photos/WDqURPfH4so?utm_source=unsample&utm_medium=referral&utm_campaign=api-credit"
  },
  "aMwcTpX-VSI": {
    "user_name": "Annie Spratt",
    "user_url": "https://unsplash.com/@anniespratt?utm_source=unsample&utm_medium=referral&utm_campaign=api-credit",
    "photo_url": "https://unsplash.com/photos/aMwcTpX-VSI?utm_source=unsample&utm_medium=referral&utm_campaign=api-credit"
  },
  "A65uWnw34FA": {
    "user_name": "Micheile Henderson",
    "user_url": "https://unsplash.com/@micheile?utm_source=unsample&utm_medium=referral&utm_campaign=api-credit",
    "photo_url": "https://unsplash.com/photos/A65uWnw34FA?utm_source=unsample&utm_medium=referral&utm_campaign=api-credit"
  },
  "Ogg2AVEogJ0": {
    "user_name": "Muhamad Reza Junianto",
    "user_url": "https://unsplash.com/@jawaberkata?utm_source=unsample&utm_medium=referral&utm_campaign=api-credit",
    "photo_url": "https://unsplash.com/photos/Ogg2AVEogJ0?utm_source=unsample&utm_medium=referral&utm_campaign=api-credit"
  },
  "W7fcDeaN9B0": {
    "user_name": "Wade Austin Ellis",
    "user_url": "https://unsplash.com/@wadeaustinellis?utm_source=unsample&utm_medium=referral&utm_campaign=api-credit",
    "photo_url": "https://unsplash.com/photos/W7fcDeaN9B0?utm_source=unsample&utm_medium=referral&utm_campaign=api-credit"
  },
  "yU8RvjKsENs": {
    "user_name": "DXL",
    "user_url": "https://unsplash.com/@davidleveque?utm_source=unsample&utm_medium=referral&utm_campaign=api-credit",
    "photo_url": "https://unsplash.com/photos/yU8RvjKsENs?utm_source=unsample&utm_medium=referral&utm_campaign=api-credit"
  },
  "dQriq2v8xxc": {
    "user_name": "Paweł Czerwiński",
    "user_url": "https://unsplash.com/@pawel_czerwinski?utm_source=unsample&utm_medium=referral&utm_campaign=api-credit",
    "photo_url": "https://unsplash.com/photos/dQriq2v8xxc?utm_source=unsample&utm_medium=referral&utm_campaign=api-credit"
  },
  "Wc-1sAv4cn4": {
    "user_name": "Antonio Grosz",
    "user_url": "https://unsplash.com/@angro?utm_source=unsample&utm_medium=referral&utm_campaign=api-credit",
    "photo_url": "https://unsplash.com/photos/Wc-1sAv4cn4?utm_source=unsample&utm_medium=referral&utm_campaign=api-credit"
  },
  "x9zUfrqaL2I": {
    "user_name": "William Navarro",
    "user_url": "https://unsplash.com/@autofoxus?utm_source=unsample&utm_medium=referral&utm_campaign=api-credit",
    "photo_url": "https://unsplash.com/photos/x9zUfrqaL2I?utm_source=unsample&utm_medium=referral&utm_campaign=api-credit"
  },
  "1ddxkjHeBSA": {
    "user_name": "Erik Mclean",
    "user_url": "https://unsplash.com/@introspectivedsgn?utm_source=unsample&utm_medium=referral&utm_campaign=api-credit",
    "photo_url": "https://unsplash.com/photos/1ddxkjHeBSA?utm_source=unsample&utm_medium=referral&utm_campaign=api-credit"
  },
  "9m7QhKRyBbA": {
    "user_name": "Markus Spiske",
    "user_url": "https://unsplash.com/@markusspiske?utm_source=unsample&utm_medium=referral&utm_campaign=api-credit",
    "photo_url": "https://unsplash.com/photos/9m7QhKRyBbA?utm_source=unsample&utm_medium=referral&utm_campaign=api-credit"
  },
  "Gk23Hxuh9RQ": {
    "user_name": "Ashkan Forouzani 🇮🇷",
    "user_url": "https://unsplash.com/@ashkfor121?utm_source=unsample&utm_medium=referral&utm_campaign=api-credit",
    "photo_url": "https://unsplash.com/photos/Gk23Hxuh9RQ?utm_source=unsample&utm_medium=referral&utm_campaign=api-credit"
  },
  "oPikeDMH0gA": {
    "user_name": "Eric Muhr",
    "user_url": "https://unsplash.com/@ericmuhr?utm_source=unsample&utm_medium=referral&utm_campaign=api-credit",
    "photo_url": "https://unsplash.com/photos/oPikeDMH0gA?utm_source=unsample&utm_medium=referral&utm_campaign=api-credit"
  },
  "NwILIfYLyRE": {
    "user_name": "Pedro Dutra",
    "user_url": "https://unsplash.com/@pedro_ecd?utm_source=unsample&utm_medium=referral&utm_campaign=api-credit",
    "photo_url": "https://unsplash.com/photos/NwILIfYLyRE?utm_source=unsample&utm_medium=referral&utm_campaign=api-credit"
  },
  "C_MfCcORR74": {
    "user_name": "Charles 🇵🇭",
    "user_url": "https://unsplash.com/@charlesdeluvio?utm_source=unsample&utm_medium=referral&utm_campaign=api-credit",
    "photo_url": "https://unsplash.com/photos/C_MfCcORR74?utm_source=unsample&utm_medium=referral&utm_campaign=api-credit"
  },
  "gI9fSePJIuE": {
    "user_name": "Houcine Ncib",
    "user_url": "https://unsplash.com/@hkoffishall?utm_source=unsample&utm_medium=referral&utm_campaign=api-credit",
    "photo_url": "https://unsplash.com/photos/gI9fSePJIuE?utm_source=unsample&utm_medium=referral&utm_campaign=api-credit"
  },
  "GN1S30kN9Ig": {
    "user_name": "Yann Allegre",
    "user_url": "https://unsplash.com/@yann_allegre?utm_source=unsample&utm_medium=referral&utm_campaign=api-credit",
    "photo_url": "https://unsplash.com/photos/GN1S30kN9Ig?utm_source=unsample&utm_medium=referral&utm_campaign=api-credit"
  },
  "SMfln8rFErE": {
    "user_name": "Matt Hardy",
    "user_url": "https://unsplash.com/@matthardy?utm_source=unsample&utm_medium=referral&utm_campaign=api-credit",
    "photo_url": "https://unsplash.com/photos/SMfln8rFErE?utm_source=unsample&utm_medium=referral&utm_campaign=api-credit"
  },
  "ejYfFK_zlOg": {
    "user_name": "Cristofer Jeschke",
    "user_url": "https://unsplash.com/@cristofer?utm_source=unsample&utm_medium=referral&utm_campaign=api-credit",
    "photo_url": "https://unsplash.com/photos/ejYfFK_zlOg?utm_source=unsample&utm_medium=referral&utm_campaign=api-credit"
  },
  "fDG_lPMZtJU": {
    "user_name": "Dan Magatti",
    "user_url": "https://unsplash.com/@danmagatti?utm_source=unsample&utm_medium=referral&utm_campaign=api-credit",
    "photo_url": "https://unsplash.com/photos/fDG_lPMZtJU?utm_source=unsample&utm_medium=referral&utm_campaign=api-credit"
  },
  "HGP4MhrvrEE": {
    "user_name": "Ryoji Iwata",
    "user_url": "https://unsplash.com/@ryoji__iwata?utm_source=unsample&utm_medium=referral&utm_campaign=api-credit",
    "photo_url": "https://unsplash.com/photos/HGP4MhrvrEE?utm_source=unsample&utm_medium=referral&utm_campaign=api-credit"
  }
}