{
  "qkKlMAs4kr0": {
    "user_name": "CoWomen",
    "user_url": "https://unsplash.com/@cowomen?utm_source=unsample&utm_medium=referral&utm_campaign=api-credit",
    "photo_url": "https://unsplash.com/photos/qkKlMAs4kr0?utm_source=unsample&utm_medium=referral&utm_campaign=api-credit"
  },
  "NUcNh9PcYg4": {
    "user_name": "Axel Holen",
    "user_url": "https://unsplash.com/@axelholen?utm_source=unsample&utm_medium=referral&utm_campaign=api-credit",
    "photo_url": "https://unsplash.com/photos/NUcNh9PcYg4?utm_source=unsample&utm_medium=referral&utm_campaign=api-credit"
  },
  "JINHNZ9d9Nc": {
    "user_name": "Andrew Riojas",
    "user_url": "https://unsplash.com/@wavesofahi?utm_source=unsample&utm_medium=referral&utm_campaign=api-credit",
    "photo_url": "https://unsplash.com/photos/JINHNZ9d9Nc?utm_source=unsample&utm_medium=referral&utm_campaign=api-credit"
  },
  "RBMbcaMxuR8": {
    "user_name": "Brandon Hoogenboom",
    "user_url": "https://unsplash.com/@bhoogenboom?utm_source=unsample&utm_medium=referral&utm_campaign=api-credit",
    "photo_url": "https://unsplash.com/photos/RBMbcaMxuR8?utm_source=unsample&utm_medium=referral&utm_campaign=api-credit"
  },
  "79lvXpBnvF8": {
    "user_name": "Annie Spratt",
    "user_url": "https://unsplash.com/@anniespratt?utm_source=unsample&utm_medium=referral&utm_campaign=api-credit",
    "photo_url": "https://unsplash.com/photos/79lvXpBnvF8?utm_source=unsample&utm_medium=referral&utm_campaign=api-credit"
  },
  "Juca_ztFD1g": {
    "user_name": "Luis Quintero",
    "user_url": "https://unsplash.com/@jibarofoto?utm_source=unsample&utm_medium=referral&utm_campaign=api-credit",
    "photo_url": "https://unsplash.com/photos/Juca_ztFD1g?utm_source=unsample&utm_medium=referral&utm_campaign=api-credit"
  },
  "z9geQPiLKSU": {
    "user_name": "Lucas Lenzi",
    "user_url": "https://unsplash.com/@lucaslenzi?utm_source=unsample&utm_medium=referral&utm_campaign=api-credit",
    "photo_url": "https://unsplash.com/photos/z9geQPiLKSU?utm_source=unsample&utm_medium=referral&utm_campaign=api-credit"
  },
  "zjIEcnlrmW4": {
    "user_name": "Facundo Ruiz",
    "user_url": "https://unsplash.com/@facunruiz?utm_source=unsample&utm_medium=referral&utm_campaign=api-credit",
    "photo_url": "https://unsplash.com/photos/zjIEcnlrmW4?utm_source=unsample&utm_medium=referral&utm_campaign=api-credit"
  },
  "peFHn8r4t1o": {
    "user_name": "Joshua Melo",
    "user_url": "https://unsplash.com/@ajoshuamelo?utm_source=unsample&utm_medium=referral&utm_campaign=api-credit",
    "photo_url": "https://unsplash.com/photos/peFHn8r4t1o?utm_source=unsample&utm_medium=referral&utm_campaign=api-credit"
  },
  "n0OZf2p8PVM": {
    "user_name": "Freddy Do",
    "user_url": "https://unsplash.com/@freddydo?utm_source=unsample&utm_medium=referral&utm_campaign=api-credit",
    "photo_url": "https://unsplash.com/photos/n0OZf2p8PVM?utm_source=unsample&utm_medium=referral&utm_campaign=api-credit"
  },
  "Nox-42YGYDE": {
    "user_name": "Kevin Grieve",
    "user_url": "https://unsplash.com/@kevin_1658?utm_source=unsample&utm_medium=referral&utm_campaign=api-credit",
    "photo_url": "https://unsplash.com/photos/Nox-42YGYDE?utm_source=unsample&utm_medium=referral&utm_campaign=api-credit"
  },
  "IvuSWSv6I2U": {
    "user_name": "zaya odeesho",
    "user_url": "https://unsplash.com/@the_zaya?utm_source=unsample&utm_medium=referral&utm_campaign=api-credit",
    "photo_url": "https://unsplash.com/photos/IvuSWSv6I2U?utm_source=unsample&utm_medium=referral&utm_campaign=api-credit"
  },
  "1qjCUG7SlKo": {
    "user_name": "Vadim Sadovski",
    "user_url": "https://unsplash.com/@vadimsadovski?utm_source=unsample&utm_medium=referral&utm_campaign=api-credit",
    "photo_url": "https://unsplash.com/photos/1qjCUG7SlKo?utm_source=unsample&utm_medium=referral&utm_campaign=api-credit"
  },
  "-isw4ET_gsQ": {
    "user_name": "Annie Spratt",
    "user_url": "https://unsplash.com/@anniespratt?utm_source=unsample&utm_medium=referral&utm_campaign=api-credit",
    "photo_url": "https://unsplash.com/photos/-isw4ET_gsQ?utm_source=unsample&utm_medium=referral&utm_campaign=api-credit"
  },
  "oNSvTtnNXEc": {
    "user_name": "Ashkan Forouzani 🇮🇷",
    "user_url": "https://unsplash.com/@ashkfor121?utm_source=unsample&utm_medium=referral&utm_campaign=api-credit",
    "photo_url": "https://unsplash.com/photos/oNSvTtnNXEc?utm_source=unsample&utm_medium=referral&utm_campaign=api-credit"
  },
  "154yQm-QLqc": {
    "user_name": "Cici Hung",
    "user_url": "https://unsplash.com/@cici9265?utm_source=unsample&utm_medium=referral&utm_campaign=api-credit",
    "photo_url": "https://unsplash.com/photos/154yQm-QLqc?utm_source=unsample&utm_medium=referral&utm_campaign=api-credit"
  },
  "xWDsjvcWjrc": {
    "user_name": "Samuel Fyfe",
    "user_url": "https://unsplash.com/@sfyfe?utm_source=unsample&utm_medium=referral&utm_campaign=api-credit",
    "photo_url": "https://unsplash.com/photos/xWDsjvcWjrc?utm_source=unsample&utm_medium=referral&utm_campaign=api-credit"
  },
  "JP8HPBcmWO0": {
    "user_name": "BRUNO CERVERA",
    "user_url": "https://unsplash.com/@brunocervera?utm_source=unsample&utm_medium=referral&utm_campaign=api-credit",
    "photo_url": "https://unsplash.com/photos/JP8HPBcmWO0?utm_source=unsample&utm_medium=referral&utm_campaign=api-credit"
  },
  "kTYc-gDAc-w": {
    "user_name": "Jan Kopřiva",
    "user_url": "https://unsplash.com/@jxk?utm_source=unsample&utm_medium=referral&utm_campaign=api-credit",
    "photo_url": "https://unsplash.com/photos/kTYc-gDAc-w?utm_source=unsample&utm_medium=referral&utm_campaign=api-credit"
  },
  "aWups_vmfwA": {
    "user_name": "Daiga Ellaby",
    "user_url": "https://unsplash.com/@daiga_ellaby?utm_source=unsample&utm_medium=referral&utm_campaign=api-credit",
    "photo_url": "https://unsplash.com/photos/aWups_vmfwA?utm_source=unsample&utm_medium=referral&utm_campaign=api-credit"
  },
  "peQKr7gCc98": {
    "user_name": "Alec Favale",
    "user_url": "https://unsplash.com/@alecfavale?utm_source=unsample&utm_medium=referral&utm_campaign=api-credit",
    "photo_url": "https://unsplash.com/photos/peQKr7gCc98?utm_source=unsample&utm_medium=referral&utm_campaign=api-credit"
  },
  "TJhGanvhKd4": {
    "user_name": "Yuliya Kosolapova",
    "user_url": "https://unsplash.com/@yuli_superson?utm_source=unsample&utm_medium=referral&utm_campaign=api-credit",
    "photo_url": "https://unsplash.com/photos/TJhGanvhKd4?utm_source=unsample&utm_medium=referral&utm_campaign=api-credit"
  },
  "6cRRZ5Is7YU": {
    "user_name": "Sunny Ng",
    "user_url": "https://unsplash.com/@sunnysmng?utm_source=unsample&utm_medium=referral&utm_campaign=api-credit",
    "photo_url": "https://unsplash.com/photos/6cRRZ5Is7YU?utm_source=unsample&utm_medium=referral&utm_campaign=api-credit"
  },
  "VLu9Zef2_tw": {
    "user_name": "Jeremy Bishop",
    "user_url": "https://unsplash.com/@jeremybishop?utm_source=unsample&utm_medium=referral&utm_campaign=api-credit",
    "photo_url": "https://unsplash.com/photos/VLu9Zef2_tw?utm_source=unsample&utm_medium=referral&utm_campaign=api-credit"
  },
  "sFqx-huIz1w": {
    "user_name": "DeMorris Byrd",
    "user_url": "https://unsplash.com/@byrdman85?utm_source=unsample&utm_medium=referral&utm_campaign=api-credit",
    "photo_url": "https://unsplash.com/photos/sFqx-huIz1w?utm_source=unsample&utm_medium=referral&utm_campaign=api-credit"
  },
  "oSAE-2NVx6I": {
    "user_name": "Henry & Co.",
    "user_url": "https://unsplash.com/@hngstrm?utm_source=unsample&utm_medium=referral&utm_campaign=api-credit",
    "photo_url": "https://unsplash.com/photos/oSAE-2NVx6I?utm_source=unsample&utm_medium=referral&utm_campaign=api-credit"
  },
  "W7WTxTl1xNE": {
    "user_name": "Joshua Fuller",
    "user_url": "https://unsplash.com/@joshuafuller?utm_source=unsample&utm_medium=referral&utm_campaign=api-credit",
    "photo_url": "https://unsplash.com/photos/W7WTxTl1xNE?utm_source=unsample&utm_medium=referral&utm_campaign=api-credit"
  },
  "ysq1kfD-nug": {
    "user_name": "Niclas Moser",
    "user_url": "https://unsplash.com/@niclasmoser?utm_source=unsample&utm_medium=referral&utm_campaign=api-credit",
    "photo_url": "https://unsplash.com/photos/ysq1kfD-nug?utm_source=unsample&utm_medium=referral&utm_campaign=api-credit"
  },
  "uHRDE-ciqmM": {
    "user_name": "Annie Spratt",
    "user_url": "https://unsplash.com/@anniespratt?utm_source=unsample&utm_medium=referral&utm_campaign=api-credit",
    "photo_url": "https://unsplash.com/photos/uHRDE-ciqmM?utm_source=unsample&utm_medium=referral&utm_campaign=api-credit"
  },
  "QxHR34--JL0": {
    "user_name": "Tiard Schulz",
    "user_url": "https://unsplash.com/@tiard?utm_source=unsample&utm_medium=referral&utm_campaign=api-credit",
    "photo_url": "https://unsplash.com/photos/QxHR34--JL0?utm_source=unsample&utm_medium=referral&utm_campaign=api-credit"
  }
}