{
  "C_MfCcORR74": {
    "user_name": "Charles 🇵🇭",
    "user_url": "https://unsplash.com/@charlesdeluvio?utm_source=unsample&utm_medium=referral&utm_campaign=api-credit",
    "photo_url": "https://unsplash.com/photos/C_MfCcORR74?utm_source=unsample&utm_medium=referral&utm_campaign=api-credit"
  },
  "hI75N5JmpJE": {
    "user_name": "Brandon Hoogenboom",
    "user_url": "https://unsplash.com/@bhoogenboom?utm_source=unsample&utm_medium=referral&utm_campaign=api-credit",
    "photo_url": "https://unsplash.com/photos/hI75N5JmpJE?utm_source=unsample&utm_medium=referral&utm_campaign=api-credit"
  },
  "h2VclGmWHgA": {
    "user_name": "Leonardo Iheme",
    "user_url": "https://unsplash.com/@leoeye?utm_source=unsample&utm_medium=referral&utm_campaign=api-credit",
    "photo_url": "https://unsplash.com/photos/h2VclGmWHgA?utm_source=unsample&utm_medium=referral&utm_campaign=api-credit"
  },
  "tT54PAgU56g": {
    "user_name": "Ava Sol",
    "user_url": "https://unsplash.com/@avasol?utm_source=unsample&utm_medium=referral&utm_campaign=api-credit",
    "photo_url": "https://unsplash.com/photos/tT54PAgU56g?utm_source=unsample&utm_medium=referral&utm_campaign=api-credit"
  },
  "BcldrN_YuU4": {
    "user_name": "insung yoon",
    "user_url": "https://unsplash.com/@insungyoon?utm_source=unsample&utm_medium=referral&utm_campaign=api-credit",
    "photo_url": "https://unsplash.com/photos/BcldrN_YuU4?utm_source=unsample&utm_medium=referral&utm_campaign=api-credit"
  },
  "GHezTqRzeeQ": {
    "user_name": "Jake Fagan",
    "user_url": "https://unsplash.com/@jakefagan?utm_source=unsample&utm_medium=referral&utm_campaign=api-credit",
    "photo_url": "https://unsplash.com/photos/GHezTqRzeeQ?utm_source=unsample&utm_medium=referral&utm_campaign=api-credit"
  },
  "F51tM6DtRCI": {
    "user_name": "Annie Spratt",
    "user_url": "https://unsplash.com/@anniespratt?utm_source=unsample&utm_medium=referral&utm_campaign=api-credit",
    "photo_url": "https://unsplash.com/photos/F51tM6DtRCI?utm_source=unsample&utm_medium=referral&utm_campaign=api-credit"
  },
  "AnDpaFc1K3g": {
    "user_name": "Penguinuhh",
    "user_url": "https://unsplash.com/@penguinuhh?utm_source=unsample&utm_medium=referral&utm_campaign=api-credit",
    "photo_url": "https://unsplash.com/photos/AnDpaFc1K3g?utm_source=unsample&utm_medium=referral&utm_campaign=api-credit"
  },
  "gPO83eCt0vs": {
    "user_name": "Randy Kinne",
    "user_url": "https://unsplash.com/@randykinne?utm_source=unsample&utm_medium=referral&utm_campaign=api-credit",
    "photo_url": "https://unsplash.com/photos/gPO83eCt0vs?utm_source=unsample&utm_medium=referral&utm_campaign=api-credit"
  },
  "xlzlHu-Z9J8": {
    "user_name": "Minh Pham",
    "user_url": "https://unsplash.com/@minhphamdesign?utm_source=unsample&utm_medium=referral&utm_campaign=api-credit",
    "photo_url": "https://unsplash.com/photos/xlzlHu-Z9J8?utm_source=unsample&utm_medium=referral&utm_campaign=api-credit"
  },
  "RDjZh9dqlP4": {
    "user_name": "Charles 🇵🇭",
    "user_url": "https://unsplash.com/@charlesdeluvio?utm_source=unsample&utm_medium=referral&utm_campaign=api-credit",
    "photo_url": "https://unsplash.com/photos/RDjZh9dqlP4?utm_source=unsample&utm_medium=referral&utm_campaign=api-credit"
  },
  "RPMcxbm2zi4": {
    "user_name": "Paweł Czerwiński",
    "user_url": "https://unsplash.com/@pawel_czerwinski?utm_source=unsample&utm_medium=referral&utm_campaign=api-credit",
    "photo_url": "https://unsplash.com/photos/RPMcxbm2zi4?utm_source=unsample&utm_medium=referral&utm_campaign=api-credit"
  },
  "atNQHTffUUo": {
    "user_name": "Simone Hutsch",
    "user_url": "https://unsplash.com/@heysupersimi?utm_source=unsample&utm_medium=referral&utm_campaign=api-credit",
    "photo_url": "https://unsplash.com/photos/atNQHTffUUo?utm_source=unsample&utm_medium=referral&utm_campaign=api-credit"
  },
  "nMUPWrLAgCs": {
    "user_name": "Shifaaz shamoon",
    "user_url": "https://unsplash.com/@sotti?utm_source=unsample&utm_medium=referral&utm_campaign=api-credit",
    "photo_url": "https://unsplash.com/photos/nMUPWrLAgCs?utm_source=unsample&utm_medium=referral&utm_campaign=api-credit"
  },
  "g0enUw24TBI": {
    "user_name": "Lerone Pieters",
    "user_url": "https://unsplash.com/@thevantagepoint718?utm_source=unsample&utm_medium=referral&utm_campaign=api-credit",
    "photo_url": "https://unsplash.com/photos/g0enUw24TBI?utm_source=unsample&utm_medium=referral&utm_campaign=api-credit"
  },
  "PJUdoXREaXY": {
    "user_name": "Lai Man Nung",
    "user_url": "https://unsplash.com/@laimannung?utm_source=unsample&utm_medium=referral&utm_campaign=api-credit",
    "photo_url": "https://unsplash.com/photos/PJUdoXREaXY?utm_source=unsample&utm_medium=referral&utm_campaign=api-credit"
  },
  "QoG5ssfs6bo": {
    "user_name": "Hayley Seibel",
    "user_url": "https://unsplash.com/@seibelhayley?utm_source=unsample&utm_medium=referral&utm_campaign=api-credit",
    "photo_url": "https://unsplash.com/photos/QoG5ssfs6bo?utm_source=unsample&utm_medium=referral&utm_campaign=api-credit"
  },
  "AtpT0kck-18": {
    "user_name": "Priscilla Du Preez",
    "user_url": "https://unsplash.com/@priscilladupreez?utm_source=unsample&utm_medium=referral&utm_campaign=api-credit",
    "photo_url": "https://unsplash.com/photos/AtpT0kck-18?utm_source=unsample&utm_medium=referral&utm_campaign=api-credit"
  },
  "pgYEzQMXmV8": {
    "user_name": "Vadim Sadovski",
    "user_url": "https://unsplash.com/@vadimsadovski?utm_source=unsample&utm_medium=referral&utm_campaign=api-credit",
    "photo_url": "https://unsplash.com/photos/pgYEzQMXmV8?utm_source=unsample&utm_medium=referral&utm_campaign=api-credit"
  },
  "jHIWUC4iytw": {
    "user_name": "Steve Halama",
    "user_url": "https://unsplash.com/@steve3p_0?utm_source=unsample&utm_medium=referral&utm_campaign=api-credit",
    "photo_url": "https://unsplash.com/photos/jHIWUC4iytw?utm_source=unsample&utm_medium=referral&utm_campaign=api-credit"
  },
  "SJf3Y8xCIbg": {
    "user_name": "charley pangus",
    "user_url": "https://unsplash.com/@charleypangus?utm_source=unsample&utm_medium=referral&utm_campaign=api-credit",
    "photo_url": "https://unsplash.com/photos/SJf3Y8xCIbg?utm_source=unsample&utm_medium=referral&utm_campaign=api-credit"
  },
  "CJp8wVjGZ88": {
    "user_name": "Guillaume Briard",
    "user_url": "https://unsplash.com/@feelalivefilms?utm_source=unsample&utm_medium=referral&utm_campaign=api-credit",
    "photo_url": "https://unsplash.com/photos/CJp8wVjGZ88?utm_source=unsample&utm_medium=referral&utm_campaign=api-credit"
  },
  "vMdViMqgjtY": {
    "user_name": "Ryan Kwok",
    "user_url": "https://unsplash.com/@milkbox?utm_source=unsample&utm_medium=referral&utm_campaign=api-credit",
    "photo_url": "https://unsplash.com/photos/vMdViMqgjtY?utm_source=unsample&utm_medium=referral&utm_campaign=api-credit"
  },
  "l1dw3JYPdck": {
    "user_name": "Adrianna Van Groningen",
    "user_url": "https://unsplash.com/@arosephotos?utm_source=unsample&utm_medium=referral&utm_campaign=api-credit",
    "photo_url": "https://unsplash.com/photos/l1dw3JYPdck?utm_source=unsample&utm_medium=referral&utm_campaign=api-credit"
  },
  "d_PQVl7dgM0": {
    "user_name": "Agnieszka Kowalczyk",
    "user_url": "https://unsplash.com/@koalamoose?utm_source=unsample&utm_medium=referral&utm_campaign=api-credit",
    "photo_url": "https://unsplash.com/photos/d_PQVl7dgM0?utm_source=unsample&utm_medium=referral&utm_campaign=api-credit"
  },
  "peFx2NFgUFY": {
    "user_name": "Dominic Swain",
    "user_url": "https://unsplash.com/@dom_thephotographer?utm_source=unsample&utm_medium=referral&utm_campaign=api-credit",
    "photo_url": "https://unsplash.com/photos/peFx2NFgUFY?utm_source=unsample&utm_medium=referral&utm_campaign=api-credit"
  },
  "Q3V2j6rYumA": {
    "user_name": "Natasha Connell",
    "user_url": "https://unsplash.com/@natcon773?utm_source=unsample&utm_medium=referral&utm_campaign=api-credit",
    "photo_url": "https://unsplash.com/photos/Q3V2j6rYumA?utm_source=unsample&utm_medium=referral&utm_campaign=api-credit"
  },
  "XdX2OMwymjM": {
    "user_name": "Sunny Ng",
    "user_url": "https://unsplash.com/@sunnysmng?utm_source=unsample&utm_medium=referral&utm_campaign=api-credit",
    "photo_url": "https://unsplash.com/photos/XdX2OMwymjM?utm_source=unsample&utm_medium=referral&utm_campaign=api-credit"
  },
  "uV7JumuXmIo": {
    "user_name": "Gatis Vilaks",
    "user_url": "https://unsplash.com/@gatisv?utm_source=unsample&utm_medium=referral&utm_campaign=api-credit",
    "photo_url": "https://unsplash.com/photos/uV7JumuXmIo?utm_source=unsample&utm_medium=referral&utm_campaign=api-credit"
  },
  "d2GOAGOUxYM": {
    "user_name": "Matt Hoffman",
    "user_url": "https://unsplash.com/@__matthoffman__?utm_source=unsample&utm_medium=referral&utm_campaign=api-credit",
    "photo_url": "https://unsplash.com/photos/d2GOAGOUxYM?utm_source=unsample&utm_medium=referral&utm_campaign=api-credit"
  }
}