{
  "CJp8wVjGZ88": {
    "user_name": "Guillaume Briard",
    "user_url": "https://unsplash.com/@feelalivefilms?utm_source=unsample&utm_medium=referral&utm_campaign=api-credit",
    "photo_url": "https://unsplash.com/photos/CJp8wVjGZ88?utm_source=unsample&utm_medium=referral&utm_campaign=api-credit"
  },
  "yUxfldhsh8w": {
    "user_name": "Daniel Atkins",
    "user_url": "https://unsplash.com/@danielatkins?utm_source=unsample&utm_medium=referral&utm_campaign=api-credit",
    "photo_url": "https://unsplash.com/photos/yUxfldhsh8w?utm_source=unsample&utm_medium=referral&utm_campaign=api-credit"
  },
  "JN3TwFKt7nI": {
    "user_name": "Kevin Mueller",
    "user_url": "https://unsplash.com/@kevinmueller?utm_source=unsample&utm_medium=referral&utm_campaign=api-credit",
    "photo_url": "https://unsplash.com/photos/JN3TwFKt7nI?utm_source=unsample&utm_medium=referral&utm_campaign=api-credit"
  },
  "J7pn-hV7u6Q": {
    "user_name": "Nicolas Ukrman",
    "user_url": "https://unsplash.com/@nicolas_ukrman?utm_source=unsample&utm_medium=referral&utm_campaign=api-credit",
    "photo_url": "https://unsplash.com/photos/J7pn-hV7u6Q?utm_source=unsample&utm_medium=referral&utm_campaign=api-credit"
  },
  "NXHIri2o8B0": {
    "user_name": "Eduardo Peralta",
    "user_url": "https://unsplash.com/@eduardo_peralta?utm_source=unsample&utm_medium=referral&utm_campaign=api-credit",
    "photo_url": "https://unsplash.com/photos/NXHIri2o8B0?utm_source=unsample&utm_medium=referral&utm_campaign=api-credit"
  },
  "ZgJBJR83FOs": {
    "user_name": "Ethan Dow",
    "user_url": "https://unsplash.com/@ethandow?utm_source=unsample&utm_medium=referral&utm_campaign=api-credit",
    "photo_url": "https://unsplash.com/photos/ZgJBJR83FOs?utm_source=unsample&utm_medium=referral&utm_campaign=api-credit"
  },
  "8pnilZRSe-A": {
    "user_name": "Todd Trapani",
    "user_url": "https://unsplash.com/@ttrapani?utm_source=unsample&utm_medium=referral&utm_campaign=api-credit",
    "photo_url": "https://unsplash.com/photos/8pnilZRSe-A?utm_source=unsample&utm_medium=referral&utm_campaign=api-credit"
  },
  "xM9I63vVBAk": {
    "user_name": "Sem Hovingh",
    "user_url": "https://unsplash.com/@semhovingh?utm_source=unsample&utm_medium=referral&utm_campaign=api-credit",
    "photo_url": "https://unsplash.com/photos/xM9I63vVBAk?utm_source=unsample&utm_medium=referral&utm_campaign=api-credit"
  },
  "NC2i3t8lt4Y": {
    "user_name": "Victória Kubiaki",
    "user_url": "https://unsplash.com/@vikubi?utm_source=unsample&utm_medium=referral&utm_campaign=api-credit",
    "photo_url": "https://unsplash.com/photos/NC2i3t8lt4Y?utm_source=unsample&utm_medium=referral&utm_campaign=api-credit"
  },
  "_SIDAcaR6jY": {
    "user_name": "Andrik Langfield",
    "user_url": "https://unsplash.com/@andriklangfield?utm_source=unsample&utm_medium=referral&utm_campaign=api-credit",
    "photo_url": "https://unsplash.com/photos/_SIDAcaR6jY?utm_source=unsample&utm_medium=referral&utm_campaign=api-credit"
  },
  "jgSQkVKtf9w": {
    "user_name": "Tamas Munkacsi",
    "user_url": "https://unsplash.com/@munkacsitomi?utm_source=unsample&utm_medium=referral&utm_campaign=api-credit",
    "photo_url": "https://unsplash.com/photos/jgSQkVKtf9w?utm_source=unsample&utm_medium=referral&utm_campaign=api-credit"
  },
  "WhLEFsFocXE": {
    "user_name": "Viktor Talashuk",
    "user_url": "https://unsplash.com/@viktortalashuk?utm_source=unsample&utm_medium=referral&utm_campaign=api-credit",
    "photo_url": "https://unsplash.com/photos/WhLEFsFocXE?utm_source=unsample&utm_medium=referral&utm_campaign=api-credit"
  },
  "DbChPLLJ6ms": {
    "user_name": "Blake Cheek",
    "user_url": "https://unsplash.com/@blakecheekk?utm_source=unsample&utm_medium=referral&utm_campaign=api-credit",
    "photo_url": "https://unsplash.com/photos/DbChPLLJ6ms?utm_source=unsample&utm_medium=referral&utm_campaign=api-credit"
  },
  "UMUCQcDdLws": {
    "user_name": "Breakslow",
    "user_url": "https://unsplash.com/@breakslow?utm_source=unsample&utm_medium=referral&utm_campaign=api-credit",
    "photo_url": "https://unsplash.com/photos/UMUCQcDdLws?utm_source=unsample&utm_medium=referral&utm_campaign=api-credit"
  },
  "dUo4W-Sni7s": {
    "user_name": "Dani Marroquin",
    "user_url": "https://unsplash.com/@daniimarr?utm_source=unsample&utm_medium=referral&utm_campaign=api-credit",
    "photo_url": "https://unsplash.com/photos/dUo4W-Sni7s?utm_source=unsample&utm_medium=referral&utm_campaign=api-credit"
  },
  "0UYxLUQMRwI": {
    "user_name": "Kelsey Curtis",
    "user_url": "https://unsplash.com/@kelseycurtis?utm_source=unsample&utm_medium=referral&utm_campaign=api-credit",
    "photo_url": "https://unsplash.com/photos/0UYxLUQMRwI?utm_source=unsample&utm_medium=referral&utm_campaign=api-credit"
  },
  "x_KL-b7MhVE": {
    "user_name": "eberhard grossgasteiger",
    "user_url": "https://unsplash.com/@eberhardgross?utm_source=unsample&utm_medium=referral&utm_campaign=api-credit",
    "photo_url": "https://unsplash.com/photos/x_KL-b7MhVE?utm_source=unsample&utm_medium=referral&utm_campaign=api-credit"
  },
  "UBcZRYE4ctg": {
    "user_name": "Tim Meyer",
    "user_url": "https://unsplash.com/@tim_from_swiss?utm_source=unsample&utm_medium=referral&utm_campaign=api-credit",
    "photo_url": "https://unsplash.com/photos/UBcZRYE4ctg?utm_source=unsample&utm_medium=referral&utm_campaign=api-credit"
  },
  "HkL89AP2qGg": {
    "user_name": "lcs _vgt",
    "user_url": "https://unsplash.com/@lcs_vgt?utm_source=unsample&utm_medium=referral&utm_campaign=api-credit",
    "photo_url": "https://unsplash.com/photos/HkL89AP2qGg?utm_source=unsample&utm_medium=referral&utm_campaign=api-credit"
  },
  "jy3TE-HZPtE": {
    "user_name": "Pedro Dutra",
    "user_url": "https://unsplash.com/@pedro_ecd?utm_source=unsample&utm_medium=referral&utm_campaign=api-credit",
    "photo_url": "https://unsplash.com/photos/jy3TE-HZPtE?utm_source=unsample&utm_medium=referral&utm_campaign=api-credit"
  },
  "A773B5qIh1Y": {
    "user_name": "Spencer Davis",
    "user_url": "https://unsplash.com/@spencerdavis?utm_source=unsample&utm_medium=referral&utm_campaign=api-credit",
    "photo_url": "https://unsplash.com/photos/A773B5qIh1Y?utm_source=unsample&utm_medium=referral&utm_campaign=api-credit"
  },
  "2tohSrlhEso": {
    "user_name": "Markus Spiske",
    "user_url": "https://unsplash.com/@markusspiske?utm_source=unsample&utm_medium=referral&utm_campaign=api-credit",
    "photo_url": "https://unsplash.com/photos/2tohSrlhEso?utm_source=unsample&utm_medium=referral&utm_campaign=api-credit"
  },
  "cf_XoHuKHgc": {
    "user_name": "Charles Etoroma",
    "user_url": "https://unsplash.com/@charlesetoroma?utm_source=unsample&utm_medium=referral&utm_campaign=api-credit",
    "photo_url": "https://unsplash.com/photos/cf_XoHuKHgc?utm_source=unsample&utm_medium=referral&utm_campaign=api-credit"
  },
  "t28s2Dv-O4I": {
    "user_name": "Lerone Pieters",
    "user_url": "https://unsplash.com/@thevantagepoint718?utm_source=unsample&utm_medium=referral&utm_campaign=api-credit",
    "photo_url": "https://unsplash.com/photos/t28s2Dv-O4I?utm_source=unsample&utm_medium=referral&utm_campaign=api-credit"
  },
  "V7FXIkFEpYg": {
    "user_name": "AllGo - An App For Plus Size People",
    "user_url": "https://unsplash.com/@canweallgo?utm_source=unsample&utm_medium=referral&utm_campaign=api-credit",
    "photo_url": "https://unsplash.com/photos/V7FXIkFEpYg?utm_source=unsample&utm_medium=referral&utm_campaign=api-credit"
  },
  "2ITPoXIOElU": {
    "user_name": "Jon Tyson",
    "user_url": "https://unsplash.com/@jontyson?utm_source=unsample&utm_medium=referral&utm_campaign=api-credit",
    "photo_url": "https://unsplash.com/photos/2ITPoXIOElU?utm_source=unsample&utm_medium=referral&utm_campaign=api-credit"
  },
  "ubC0L_Pkcy8": {
    "user_name": "Mick Haupt",
    "user_url": "https://unsplash.com/@rocinante_11?utm_source=unsample&utm_medium=referral&utm_campaign=api-credit",
    "photo_url": "https://unsplash.com/photos/ubC0L_Pkcy8?utm_source=unsample&utm_medium=referral&utm_campaign=api-credit"
  },
  "IC6hbXf3Qzg": {
    "user_name": "Sacha T'Sas",
    "user_url": "https://unsplash.com/@tsasacha?utm_source=unsample&utm_medium=referral&utm_campaign=api-credit",
    "photo_url": "https://unsplash.com/photos/IC6hbXf3Qzg?utm_source=unsample&utm_medium=referral&utm_campaign=api-credit"
  },
  "dZr-Q9ZQ1dk": {
    "user_name": "Martin Katler",
    "user_url": "https://unsplash.com/@skript?utm_source=unsample&utm_medium=referral&utm_campaign=api-credit",
    "photo_url": "https://unsplash.com/photos/dZr-Q9ZQ1dk?utm_source=unsample&utm_medium=referral&utm_campaign=api-credit"
  },
  "1mUBcA4X8js": {
    "user_name": "Ricardo Gomez Angel",
    "user_url": "https://unsplash.com/@ripato?utm_source=unsample&utm_medium=referral&utm_campaign=api-credit",
    "photo_url": "https://unsplash.com/photos/1mUBcA4X8js?utm_source=unsample&utm_medium=referral&utm_campaign=api-credit"
  }
}