{
  "KPsd6eaE2_Y": {
    "user_name": "Sonny Ravesteijn",
    "user_url": "https://unsplash.com/@supersonnytje?utm_source=unsample&utm_medium=referral&utm_campaign=api-credit",
    "photo_url": "https://unsplash.com/photos/KPsd6eaE2_Y?utm_source=unsample&utm_medium=referral&utm_campaign=api-credit"
  },
  "zjIEcnlrmW4": {
    "user_name": "Facundo Ruiz",
    "user_url": "https://unsplash.com/@facunruiz?utm_source=unsample&utm_medium=referral&utm_campaign=api-credit",
    "photo_url": "https://unsplash.com/photos/zjIEcnlrmW4?utm_source=unsample&utm_medium=referral&utm_campaign=api-credit"
  },
  "nIxkKvhIGHY": {
    "user_name": "Lewis Parsons",
    "user_url": "https://unsplash.com/@lewypee?utm_source=unsample&utm_medium=referral&utm_campaign=api-credit",
    "photo_url": "https://unsplash.com/photos/nIxkKvhIGHY?utm_source=unsample&utm_medium=referral&utm_campaign=api-credit"
  },
  "dG9VVkNOu28": {
    "user_name": "Dillon Shook",
    "user_url": "https://unsplash.com/@dillonjshook?utm_source=unsample&utm_medium=referral&utm_campaign=api-credit",
    "photo_url": "https://unsplash.com/photos/dG9VVkNOu28?utm_source=unsample&utm_medium=referral&utm_campaign=api-credit"
  },
  "O5pJux38nNA": {
    "user_name": "Parker Coffman",
    "user_url": "https://unsplash.com/@fearthelocals?utm_source=unsample&utm_medium=referral&utm_campaign=api-credit",
    "photo_url": "https://unsplash.com/photos/O5pJux38nNA?utm_source=unsample&utm_medium=referral&utm_campaign=api-credit"
  },
  "3xltAFnJlhQ": {
    "user_name": "Amanda Klamrowski",
    "user_url": "https://unsplash.com/@catch_a_vibe_photo?utm_source=unsample&utm_medium=referral&utm_campaign=api-credit",
    "photo_url": "https://unsplash.com/photos/3xltAFnJlhQ?utm_source=unsample&utm_medium=referral&utm_campaign=api-credit"
  },
  "7BVqFvkitOc": {
    "user_name": "Nadine Shaabana",
    "user_url": "https://unsplash.com/@nadineshaabana?utm_source=unsample&utm_medium=referral&utm_campaign=api-credit",
    "photo_url": "https://unsplash.com/photos/7BVqFvkitOc?utm_source=unsample&utm_medium=referral&utm_campaign=api-credit"
  },
  "fc8XKg43Dx8": {
    "user_name": "Stephen Walker",
    "user_url": "https://unsplash.com/@stphnwlkr?utm_source=unsample&utm_medium=referral&utm_campaign=api-credit",
    "photo_url": "https://unsplash.com/photos/fc8XKg43Dx8?utm_source=unsample&utm_medium=referral&utm_campaign=api-credit"
  },
  "AoedMta7hxY": {
    "user_name": "Kevin Wolf",
    "user_url": "https://unsplash.com/@kevinwolf?utm_source=unsample&utm_medium=referral&utm_campaign=api-credit",
    "photo_url": "https://unsplash.com/photos/AoedMta7hxY?utm_source=unsample&utm_medium=referral&utm_campaign=api-credit"
  },
  "xH6X537BOA0": {
    "user_name": "Micheile Henderson",
    "user_url": "https://unsplash.com/@micheile?utm_source=unsample&utm_medium=referral&utm_campaign=api-credit",
    "photo_url": "https://unsplash.com/photos/xH6X537BOA0?utm_source=unsample&utm_medium=referral&utm_campaign=api-credit"
  },
  "U6jk71zKTXc": {
    "user_name": "Jessie Au",
    "user_url": "https://unsplash.com/@jessieau?utm_source=unsample&utm_medium=referral&utm_campaign=api-credit",
    "photo_url": "https://unsplash.com/photos/U6jk71zKTXc?utm_source=unsample&utm_medium=referral&utm_campaign=api-credit"
  },
  "SMul6bQOt24": {
    "user_name": "aranprime",
    "user_url": "https://unsplash.com/@aranprime?utm_source=unsample&utm_medium=referral&utm_campaign=api-credit",
    "photo_url": "https://unsplash.com/photos/SMul6bQOt24?utm_source=unsample&utm_medium=referral&utm_campaign=api-credit"
  },
  "P98SnB6vdiQ": {
    "user_name": "Nicolas Ukrman",
    "user_url": "https://unsplash.com/@nicolas_ukrman?utm_source=unsample&utm_medium=referral&utm_campaign=api-credit",
    "photo_url": "https://unsplash.com/photos/P98SnB6vdiQ?utm_source=unsample&utm_medium=referral&utm_campaign=api-credit"
  },
  "LsWAp-7lRpg": {
    "user_name": "Ethan Sexton",
    "user_url": "https://unsplash.com/@ethansexton?utm_source=unsample&utm_medium=referral&utm_campaign=api-credit",
    "photo_url": "https://unsplash.com/photos/LsWAp-7lRpg?utm_source=unsample&utm_medium=referral&utm_campaign=api-credit"
  },
  "sSQeNMWhFHY": {
    "user_name": "Oswaldo Ibáñez",
    "user_url": "https://unsplash.com/@itsmeoswaldo?utm_source=unsample&utm_medium=referral&utm_campaign=api-credit",
    "photo_url": "https://unsplash.com/photos/sSQeNMWhFHY?utm_source=unsample&utm_medium=referral&utm_campaign=api-credit"
  },
  "HN_mGWcZolE": {
    "user_name": "Evie S.",
    "user_url": "https://unsplash.com/@evieshaffer?utm_source=unsample&utm_medium=referral&utm_campaign=api-credit",
    "photo_url": "https://unsplash.com/photos/HN_mGWcZolE?utm_source=unsample&utm_medium=referral&utm_campaign=api-credit"
  },
  "h5K9F-gXr5I": {
    "user_name": "Allie Smith",
    "user_url": "https://unsplash.com/@creativegangsters?utm_source=unsample&utm_medium=referral&utm_campaign=api-credit",
    "photo_url": "https://unsplash.com/photos/h5K9F-gXr5I?utm_source=unsample&utm_medium=referral&utm_campaign=api-credit"
  },
  "czFPS2OOftk": {
    "user_name": "Toa Heftiba",
    "user_url": "https://unsplash.com/@heftiba?utm_source=unsample&utm_medium=referral&utm_campaign=api-credit",
    "photo_url": "https://unsplash.com/photos/czFPS2OOftk?utm_source=unsample&utm_medium=referral&utm_campaign=api-credit"
  },
  "fmoLeqdXNzE": {
    "user_name": "Josh Kahen",
    "user_url": "https://unsplash.com/@jpphotosla?utm_source=unsample&utm_medium=referral&utm_campaign=api-credit",
    "photo_url": "https://unsplash.com/photos/fmoLeqdXNzE?utm_source=unsample&utm_medium=referral&utm_campaign=api-credit"
  },
  "mIozL9PlpNM": {
    "user_name": "Joshua Hanson",
    "user_url": "https://unsplash.com/@joshuahanson43?utm_source=unsample&utm_medium=referral&utm_campaign=api-credit",
    "photo_url": "https://unsplash.com/photos/mIozL9PlpNM?utm_source=unsample&utm_medium=referral&utm_campaign=api-credit"
  },
  "RQf6v7-kcoQ": {
    "user_name": "Kevin Mueller",
    "user_url": "https://unsplash.com/@kevinmueller?utm_source=unsample&utm_medium=referral&utm_campaign=api-credit",
    "photo_url": "https://unsplash.com/photos/RQf6v7-kcoQ?utm_source=unsample&utm_medium=referral&utm_campaign=api-credit"
  },
  "Z9bu9dCSuA4": {
    "user_name": "Jordi Tambillo",
    "user_url": "https://unsplash.com/@jorditambillo?utm_source=unsample&utm_medium=referral&utm_campaign=api-credit",
    "photo_url": "https://unsplash.com/photos/Z9bu9dCSuA4?utm_source=unsample&utm_medium=referral&utm_campaign=api-credit"
  },
  "TvquR9Ye_i4": {
    "user_name": "Marcelo Cidrack",
    "user_url": "https://unsplash.com/@marcelocidrack?utm_source=unsample&utm_medium=referral&utm_campaign=api-credit",
    "photo_url": "https://unsplash.com/photos/TvquR9Ye_i4?utm_source=unsample&utm_medium=referral&utm_campaign=api-credit"
  },
  "yDzA94BkoqA": {
    "user_name": "Valentin Wallet",
    "user_url": "https://unsplash.com/@vwalletphoto?utm_source=unsample&utm_medium=referral&utm_campaign=api-credit",
    "photo_url": "https://unsplash.com/photos/yDzA94BkoqA?utm_source=unsample&utm_medium=referral&utm_campaign=api-credit"
  },
  "GA8tNY5jh7U": {
    "user_name": "Roberto Nickson",
    "user_url": "https://unsplash.com/@rpnickson?utm_source=unsample&utm_medium=referral&utm_campaign=api-credit",
    "photo_url": "https://unsplash.com/photos/GA8tNY5jh7U?utm_source=unsample&utm_medium=referral&utm_campaign=api-credit"
  },
  "NyfXy0Is4YA": {
    "user_name": "Eric Muhr",
    "user_url": "https://unsplash.com/@ericmuhr?utm_source=unsample&utm_medium=referral&utm_campaign=api-credit",
    "photo_url": "https://unsplash.com/photos/NyfXy0Is4YA?utm_source=unsample&utm_medium=referral&utm_campaign=api-credit"
  },
  "LyhA6fJY5k0": {
    "user_name": "Varun Gaba",
    "user_url": "https://unsplash.com/@varunkgaba?utm_source=unsample&utm_medium=referral&utm_campaign=api-credit",
    "photo_url": "https://unsplash.com/photos/LyhA6fJY5k0?utm_source=unsample&utm_medium=referral&utm_campaign=api-credit"
  },
  "Tj0KhNOw9IA": {
    "user_name": "Angelo Pantazis",
    "user_url": "https://unsplash.com/@angelopantazis?utm_source=unsample&utm_medium=referral&utm_campaign=api-credit",
    "photo_url": "https://unsplash.com/photos/Tj0KhNOw9IA?utm_source=unsample&utm_medium=referral&utm_campaign=api-credit"
  },
  "w4KWqi4xilI": {
    "user_name": "Luke Stackpoole",
    "user_url": "https://unsplash.com/@withluke?utm_source=unsample&utm_medium=referral&utm_campaign=api-credit",
    "photo_url": "https://unsplash.com/photos/w4KWqi4xilI?utm_source=unsample&utm_medium=referral&utm_campaign=api-credit"
  },
  "_qXiOlykvgg": {
    "user_name": "Patrick Hendry",
    "user_url": "https://unsplash.com/@worldsbetweenlines?utm_source=unsample&utm_medium=referral&utm_campaign=api-credit",
    "photo_url": "https://unsplash.com/photos/_qXiOlykvgg?utm_source=unsample&utm_medium=referral&utm_campaign=api-credit"
  }
}