{
  "yU8RvjKsENs": {
    "user_name": "DXL",
    "user_url": "https://unsplash.com/@davidleveque?utm_source=unsample&utm_medium=referral&utm_campaign=api-credit",
    "photo_url": "https://unsplash.com/photos/yU8RvjKsENs?utm_source=unsample&utm_medium=referral&utm_campaign=api-credit"
  },
  "RBMbcaMxuR8": {
    "user_name": "Brandon Hoogenboom",
    "user_url": "https://unsplash.com/@bhoogenboom?utm_source=unsample&utm_medium=referral&utm_campaign=api-credit",
    "photo_url": "https://unsplash.com/photos/RBMbcaMxuR8?utm_source=unsample&utm_medium=referral&utm_campaign=api-credit"
  },
  "VZjBZIsm_0w": {
    "user_name": "Evie S.",
    "user_url": "https://unsplash.com/@evieshaffer?utm_source=unsample&utm_medium=referral&utm_campaign=api-credit",
    "photo_url": "https://unsplash.com/photos/VZjBZIsm_0w?utm_source=unsample&utm_medium=referral&utm_campaign=api-credit"
  },
  "zkdEYWM7F7A": {
    "user_name": "Jan Antonin Kolar",
    "user_url": "https://unsplash.com/@jankolar?utm_source=unsample&utm_medium=referral&utm_campaign=api-credit",
    "photo_url": "https://unsplash.com/photos/zkdEYWM7F7A?utm_source=unsample&utm_medium=referral&utm_campaign=api-credit"
  },
  "nIxkKvhIGHY": {
    "user_name": "Lewis Parsons",
    "user_url": "https://unsplash.com/@lewypee?utm_source=unsample&utm_medium=referral&utm_campaign=api-credit",
    "photo_url": "https://unsplash.com/photos/nIxkKvhIGHY?utm_source=unsample&utm_medium=referral&utm_campaign=api-credit"
  },
  "4dxQrMqpeLc": {
    "user_name": "Vincent Delegge",
    "user_url": "https://unsplash.com/@leash_delegge?utm_source=unsample&utm_medium=referral&utm_campaign=api-credit",
    "photo_url": "https://unsplash.com/photos/4dxQrMqpeLc?utm_source=unsample&utm_medium=referral&utm_campaign=api-credit"
  },
  "YdG-6Z2pd0Y": {
    "user_name": "Karl Reay",
    "user_url": "https://unsplash.com/@heykreay?utm_source=unsample&utm_medium=referral&utm_campaign=api-credit",
    "photo_url": "https://unsplash.com/photos/YdG-6Z2pd0Y?utm_source=unsample&utm_medium=referral&utm_campaign=api-credit"
  },
  "0X5KgkS-z1A": {
    "user_name": "Marcus P.",
    "user_url": "https://unsplash.com/@marcusp?utm_source=unsample&utm_medium=referral&utm_campaign=api-credit",
    "photo_url": "https://unsplash.com/photos/0X5KgkS-z1A?utm_source=unsample&utm_medium=referral&utm_campaign=api-credit"
  },
  "iZ7LFwfsYkk": {
    "user_name": "Memories on 35mm",
    "user_url": "https://unsplash.com/@memorieson35mm?utm_source=unsample&utm_medium=referral&utm_campaign=api-credit",
    "photo_url": "https://unsplash.com/photos/iZ7LFwfsYkk?utm_source=unsample&utm_medium=referral&utm_campaign=api-credit"
  },
  "TiwTb5JBaQo": {
    "user_name": "Micheile Henderson",
    "user_url": "https://unsplash.com/@micheile?utm_source=unsample&utm_medium=referral&utm_campaign=api-credit",
    "photo_url": "https://unsplash.com/photos/TiwTb5JBaQo?utm_source=unsample&utm_medium=referral&utm_campaign=api-credit"
  },
  "9mdFipeQbh4": {
    "user_name": "Daiga Ellaby",
    "user_url": "https://unsplash.com/@daiga_ellaby?utm_source=unsample&utm_medium=referral&utm_campaign=api-credit",
    "photo_url": "https://unsplash.com/photos/9mdFipeQbh4?utm_source=unsample&utm_medium=referral&utm_campaign=api-credit"
  },
  "qZ8XBmrW0xI": {
    "user_name": "Derick McKinney",
    "user_url": "https://unsplash.com/@derickray?utm_source=unsample&utm_medium=referral&utm_campaign=api-credit",
    "photo_url": "https://unsplash.com/photos/qZ8XBmrW0xI?utm_source=unsample&utm_medium=referral&utm_campaign=api-credit"
  },
  "LpZMZXXpRcM": {
    "user_name": "Priscilla Du Preez",
    "user_url": "https://unsplash.com/@priscilladupreez?utm_source=unsample&utm_medium=referral&utm_campaign=api-credit",
    "photo_url": "https://unsplash.com/photos/LpZMZXXpRcM?utm_source=unsample&utm_medium=referral&utm_campaign=api-credit"
  },
  "WbYy2Do7Dks": {
    "user_name": "Lukas Haen",
    "user_url": "https://unsplash.com/@haenperspective?utm_source=unsample&utm_medium=referral&utm_campaign=api-credit",
    "photo_url": "https://unsplash.com/photos/WbYy2Do7Dks?utm_source=unsample&utm_medium=referral&utm_campaign=api-credit"
  },
  "26OwIZkhI0U": {
    "user_name": "Gift Habeshaw",
    "user_url": "https://unsplash.com/@gift_habeshaw?utm_source=unsample&utm_medium=referral&utm_campaign=api-credit",
    "photo_url": "https://unsplash.com/photos/26OwIZkhI0U?utm_source=unsample&utm_medium=referral&utm_campaign=api-credit"
  },
  "aulzymDeYV0": {
    "user_name": "Juliet Furst",
    "user_url": "https://unsplash.com/@julietfurst?utm_source=unsample&utm_medium=referral&utm_campaign=api-credit",
    "photo_url": "https://unsplash.com/photos/aulzymDeYV0?utm_source=unsample&utm_medium=referral&utm_campaign=api-credit"
  },
  "rQXdgDwY4Gs": {
    "user_name": "ZHANG FENGSHENG",
    "user_url": "https://unsplash.com/@samyzfs?utm_source=unsample&utm_medium=referral&utm_campaign=api-credit",
    "photo_url": "https://unsplash.com/photos/rQXdgDwY4Gs?utm_source=unsample&utm_medium=referral&utm_campaign=api-credit"
  },
  "ZvIr0oyfOfw": {
    "user_name": "Anton Darius | @theSollers",
    "user_url": "https://unsplash.com/@thesollers?utm_source=unsample&utm_medium=referral&utm_campaign=api-credit",
    "photo_url": "https://unsplash.com/photos/ZvIr0oyfOfw?utm_source=unsample&utm_medium=referral&utm_campaign=api-credit"
  },
  "jcobC4d0S9k": {
    "user_name": "samuel sng",
    "user_url": "https://unsplash.com/@samuelsngx?utm_source=unsample&utm_medium=referral&utm_campaign=api-credit",
    "photo_url": "https://unsplash.com/photos/jcobC4d0S9k?utm_source=unsample&utm_medium=referral&utm_campaign=api-credit"
  },
  "1s7LF_mAXDo": {
    "user_name": "Yann Allegre",
    "user_url": "https://unsplash.com/@yann_allegre?utm_source=unsample&utm_medium=referral&utm_campaign=api-credit",
    "photo_url": "https://unsplash.com/photos/1s7LF_mAXDo?utm_source=unsample&utm_medium=referral&utm_campaign=api-credit"
  },
  "PkRS8ZahINM": {
    "user_name": "Jaron Mobley",
    "user_url": "https://unsplash.com/@jaron_mobley?utm_source=unsample&utm_medium=referral&utm_campaign=api-credit",
    "photo_url": "https://unsplash.com/photos/PkRS8ZahINM?utm_source=unsample&utm_medium=referral&utm_campaign=api-credit"
  },
  "fi-LefHueHw": {
    "user_name": "Nicolas Hernandez",
    "user_url": "https://unsplash.com/@illvisionss?utm_source=unsample&utm_medium=referral&utm_campaign=api-credit",
    "photo_url": "https://unsplash.com/photos/fi-LefHueHw?utm_source=unsample&utm_medium=referral&utm_campaign=api-credit"
  },
  "nhAg1KHoRU4": {
    "user_name": "Markus Spiske",
    "user_url": "https://unsplash.com/@markusspiske?utm_source=unsample&utm_medium=referral&utm_campaign=api-credit",
    "photo_url": "https://unsplash.com/photos/nhAg1KHoRU4?utm_source=unsample&utm_medium=referral&utm_campaign=api-credit"
  },
  "4B91wyygM2g": {
    "user_name": "fegiii",
    "user_url": "https://unsplash.com/@fegiii?utm_source=unsample&utm_medium=referral&utm_campaign=api-credit",
    "photo_url": "https://unsplash.com/photos/4B91wyygM2g?utm_source=unsample&utm_medium=referral&utm_campaign=api-credit"
  },
  "Kqecia7p-UU": {
    "user_name": "Markus Spiske",
    "user_url": "https://unsplash.com/@markusspiske?utm_source=unsample&utm_medium=referral&utm_campaign=api-credit",
    "photo_url": "https://unsplash.com/photos/Kqecia7p-UU?utm_source=unsample&utm_medium=referral&utm_campaign=api-credit"
  },
  "vmsuvvaw8Gc": {
    "user_name": "Airam Dato-on",
    "user_url": "https://unsplash.com/@airamdatoon?utm_source=unsample&utm_medium=referral&utm_campaign=api-credit",
    "photo_url": "https://unsplash.com/photos/vmsuvvaw8Gc?utm_source=unsample&utm_medium=referral&utm_campaign=api-credit"
  },
  "X0uh2_9YOUk": {
    "user_name": "Bevis G",
    "user_url": "https://unsplash.com/@xhui2011?utm_source=unsample&utm_medium=referral&utm_campaign=api-credit",
    "photo_url": "https://unsplash.com/photos/X0uh2_9YOUk?utm_source=unsample&utm_medium=referral&utm_campaign=api-credit"
  },
  "CpsPqr38PxM": {
    "user_name": "Jakob Owens",
    "user_url": "https://unsplash.com/@jakobowens1?utm_source=unsample&utm_medium=referral&utm_campaign=api-credit",
    "photo_url": "https://unsplash.com/photos/CpsPqr38PxM?utm_source=unsample&utm_medium=referral&utm_campaign=api-credit"
  },
  "Z_MDa1N38ZI": {
    "user_name": "Tom Worrall",
    "user_url": "https://unsplash.com/@tcfw?utm_source=unsample&utm_medium=referral&utm_campaign=api-credit",
    "photo_url": "https://unsplash.com/photos/Z_MDa1N38ZI?utm_source=unsample&utm_medium=referral&utm_campaign=api-credit"
  },
  "tIdiNCaYkGA": {
    "user_name": "John Westrock",
    "user_url": "https://unsplash.com/@johnwestrock?utm_source=unsample&utm_medium=referral&utm_campaign=api-credit",
    "photo_url": "https://unsplash.com/photos/tIdiNCaYkGA?utm_source=unsample&utm_medium=referral&utm_campaign=api-credit"
  }
}